#,,,,,,,,,,,,,,,,,,,,,,,,,,,,,,,,,,,,,,,,,,,,,,,,,,,,,,,,,,,,,,,,,,,,,,,,,,,,,,,,,,,,,,,,,,,,,,,,,,,,,,,,,,,,,,,,,,,,,,,,,,,,,,,,,,,,,,,,,,,,,,,,,,,,,,,,,,,,,,,,,,,,,,,,,,,,,,,,,,,,,,,,,,,,,,,,,,,,,,,,,,,,,,,,,,,,,,,,,,,,,,,,,,,,,,,,,,,,,,,,,,,,,,,,,,,,,,,,,,,,,,,,,,,,,,,,,,,,,,,,,,,,,,,,,,,,,,,,,,,,,,,,,,,,,,,,,,,,,,,,,,,,,,,,,,,,,,,,,,,,,,,,,,,,,,,,,,,,,,,,,,,,,,,,,,,,,,,,,,,,,,,,,,,,,,,,,,,,,,,,,,,,,,,,,,,,,,,,,,,,,,,,,,,,,,,,,,,,,,,,,,,,,,,,,,,,,,,,,,,,,,,,,,,,,,,,,,,,,,,,,,,,,,,,,,,,,,,,,,,,,,,,,,,,,,,,,,,,,,,,,,,,,,,,,,,,,,,,,,,,,,,,,,,,,,,,,,,,,,,,,,,,,,,,,,,,,,,,,,,,,,,,,,,,,,,,,,,,,,,,,,,,,,,,,,,,,,,,,,,,,,,,,,,,,,,,,,,,,,,,,,,,,,,,,,,,,,,,,,,,,,,,,,,,,,,,,,,,,,,,,,,,,,,,,,,,,,,,,,,,,,,,,,,,,,,,,,,,,,,,,,,,,,,,,,,,,,,,,,,,,,,,,,,,,,,,,,,,,,,,,,,,,,,,,,,,,,,,,,,,,,,,,,,,,,,,,,,,,,,,,,,,,,,,,,,,,,,,,,,,,,,,,,,,,,,,,,,,,,,,,,,,,,,,,,,,,,,,,,,,,,,,,,,,,,,,,,,,,,,,,,,,,,,,,,,,,,,,,,,,,,,,,,,,,,,,,,,,,,,,,,,,,,,,,,,,,,,,,,,,,,,,,,,,,,,,,,,,,,,,,,,,,,,,,,,,,,,,,,,,,,,,,,,,,,,,,,,
# Copyright (c) 2020, Steffen H枚der,,,,,,,,,,,,,,,,,,,,,,,,,,,,,,,,,,,,,,,,,,,,,,,,,,,,,,,,,,,,,,,,,,,,,,,,,,,,,,,,,,,,,,,,,,,,,,,,,,,,,,,,,,,,,,,,,,,,,,,,,,,,,,,,,,,,,,,,,,,,,,,,,,,,,,,,,,,,,,,,,,,,,,,,,,,,,,,,,,,,,,,,,,,,,,,,,,,,,,,,,,,,,,,,,,,,,,,,,,,,,,,,,,,,,,,,,,,,,,,,,,,,,,,,,,,,,,,,,,,,,,,,,,,,,,,,,,,,,,,,,,,,,,,,,,,,,,,,,,,,,,,,,,,,,,,,,,,,,,,,,,,,,,,,,,,,,,,,,,,,,,,,,,,,,,,,,,,,,,,,,,,,,,,,,,,,,,,,,,,,,,,,,,,,,,,,,,,,,,,,,,,,,,,,,,,,,,,,,,,,,,,,,,,,,,,,,,,,,,,,,,,,,,,,,,,,,,,,,,,,,,,,,,,,,,,,,,,,,,,,,,,,,,,,,,,,,,,,,,,,,,,,,,,,,,,,,,,,,,,,,,,,,,,,,,,,,,,,,,,,,,,,,,,,,,,,,,,,,,,,,,,,,,,,,,,,,,,,,,,,,,,,,,,,,,,,,,,,,,,,,,,,,,,,,,,,,,,,,,,,,,,,,,,,,,,,,,,,,,,,,,,,,,,,,,,,,,,,,,,,,,,,,,,,,,,,,,,,,,,,,,,,,,,,,,,,,,,,,,,,,,,,,,,,,,,,,,,,,,,,,,,,,,,,,,,,,,,,,,,,,,,,,,,,,,,,,,,,,,,,,,,,,,,,,,,,,,,,,,,,,,,,,,,,,,,,,,,,,,,,,,,,,,,,,,,,,,,,,,,,,,,,,,,,,,,,,,,,,,,,,,,,,,,,,,,,,,,,,,,,,,,,,,,,,,,,,,,,,,,,,,,,,,,,,,,,,,,,,,,,,,,,,,,,,,,,,,,,,,,,,,,,,,,,,,,,,,,,,,,,,,,,,,,,,,,,,,,,,,,,,,,,,,,,,,,,,,,,,,,,,,,,,,,,,,,,,,
#,,,,,,,,,,,,,,,,,,,,,,,,,,,,,,,,,,,,,,,,,,,,,,,,,,,,,,,,,,,,,,,,,,,,,,,,,,,,,,,,,,,,,,,,,,,,,,,,,,,,,,,,,,,,,,,,,,,,,,,,,,,,,,,,,,,,,,,,,,,,,,,,,,,,,,,,,,,,,,,,,,,,,,,,,,,,,,,,,,,,,,,,,,,,,,,,,,,,,,,,,,,,,,,,,,,,,,,,,,,,,,,,,,,,,,,,,,,,,,,,,,,,,,,,,,,,,,,,,,,,,,,,,,,,,,,,,,,,,,,,,,,,,,,,,,,,,,,,,,,,,,,,,,,,,,,,,,,,,,,,,,,,,,,,,,,,,,,,,,,,,,,,,,,,,,,,,,,,,,,,,,,,,,,,,,,,,,,,,,,,,,,,,,,,,,,,,,,,,,,,,,,,,,,,,,,,,,,,,,,,,,,,,,,,,,,,,,,,,,,,,,,,,,,,,,,,,,,,,,,,,,,,,,,,,,,,,,,,,,,,,,,,,,,,,,,,,,,,,,,,,,,,,,,,,,,,,,,,,,,,,,,,,,,,,,,,,,,,,,,,,,,,,,,,,,,,,,,,,,,,,,,,,,,,,,,,,,,,,,,,,,,,,,,,,,,,,,,,,,,,,,,,,,,,,,,,,,,,,,,,,,,,,,,,,,,,,,,,,,,,,,,,,,,,,,,,,,,,,,,,,,,,,,,,,,,,,,,,,,,,,,,,,,,,,,,,,,,,,,,,,,,,,,,,,,,,,,,,,,,,,,,,,,,,,,,,,,,,,,,,,,,,,,,,,,,,,,,,,,,,,,,,,,,,,,,,,,,,,,,,,,,,,,,,,,,,,,,,,,,,,,,,,,,,,,,,,,,,,,,,,,,,,,,,,,,,,,,,,,,,,,,,,,,,,,,,,,,,,,,,,,,,,,,,,,,,,,,,,,,,,,,,,,,,,,,,,,,,,,,,,,,,,,,,,,,,,,,,,,,,,,,,,,,,,,,,,,,,,,,,,,,,,,,,,,,,,,,,,,,,,,,,,,,,,,,,,,,,,,,,,,,,,,,,,,,,,,,
# This file is subject to the terms and conditions defined in,,,,,,,,,,,,,,,,,,,,,,,,,,,,,,,,,,,,,,,,,,,,,,,,,,,,,,,,,,,,,,,,,,,,,,,,,,,,,,,,,,,,,,,,,,,,,,,,,,,,,,,,,,,,,,,,,,,,,,,,,,,,,,,,,,,,,,,,,,,,,,,,,,,,,,,,,,,,,,,,,,,,,,,,,,,,,,,,,,,,,,,,,,,,,,,,,,,,,,,,,,,,,,,,,,,,,,,,,,,,,,,,,,,,,,,,,,,,,,,,,,,,,,,,,,,,,,,,,,,,,,,,,,,,,,,,,,,,,,,,,,,,,,,,,,,,,,,,,,,,,,,,,,,,,,,,,,,,,,,,,,,,,,,,,,,,,,,,,,,,,,,,,,,,,,,,,,,,,,,,,,,,,,,,,,,,,,,,,,,,,,,,,,,,,,,,,,,,,,,,,,,,,,,,,,,,,,,,,,,,,,,,,,,,,,,,,,,,,,,,,,,,,,,,,,,,,,,,,,,,,,,,,,,,,,,,,,,,,,,,,,,,,,,,,,,,,,,,,,,,,,,,,,,,,,,,,,,,,,,,,,,,,,,,,,,,,,,,,,,,,,,,,,,,,,,,,,,,,,,,,,,,,,,,,,,,,,,,,,,,,,,,,,,,,,,,,,,,,,,,,,,,,,,,,,,,,,,,,,,,,,,,,,,,,,,,,,,,,,,,,,,,,,,,,,,,,,,,,,,,,,,,,,,,,,,,,,,,,,,,,,,,,,,,,,,,,,,,,,,,,,,,,,,,,,,,,,,,,,,,,,,,,,,,,,,,,,,,,,,,,,,,,,,,,,,,,,,,,,,,,,,,,,,,,,,,,,,,,,,,,,,,,,,,,,,,,,,,,,,,,,,,,,,,,,,,,,,,,,,,,,,,,,,,,,,,,,,,,,,,,,,,,,,,,,,,,,,,,,,,,,,,,,,,,,,,,,,,,,,,,,,,,,,,,,,,,,,,,,,,,,,,,,,,,,,,,,,,,,,,,,,,,,,,,,,,,,,,,,,,,,,,,,,,,,,,,,,,,,,,,,,,,,,,,,,,,,,,,,,,,,,,,,,,,,,,,,,
# file 'LICENSE.txt', which is part of this source code package.,,,,,,,,,,,,,,,,,,,,,,,,,,,,,,,,,,,,,,,,,,,,,,,,,,,,,,,,,,,,,,,,,,,,,,,,,,,,,,,,,,,,,,,,,,,,,,,,,,,,,,,,,,,,,,,,,,,,,,,,,,,,,,,,,,,,,,,,,,,,,,,,,,,,,,,,,,,,,,,,,,,,,,,,,,,,,,,,,,,,,,,,,,,,,,,,,,,,,,,,,,,,,,,,,,,,,,,,,,,,,,,,,,,,,,,,,,,,,,,,,,,,,,,,,,,,,,,,,,,,,,,,,,,,,,,,,,,,,,,,,,,,,,,,,,,,,,,,,,,,,,,,,,,,,,,,,,,,,,,,,,,,,,,,,,,,,,,,,,,,,,,,,,,,,,,,,,,,,,,,,,,,,,,,,,,,,,,,,,,,,,,,,,,,,,,,,,,,,,,,,,,,,,,,,,,,,,,,,,,,,,,,,,,,,,,,,,,,,,,,,,,,,,,,,,,,,,,,,,,,,,,,,,,,,,,,,,,,,,,,,,,,,,,,,,,,,,,,,,,,,,,,,,,,,,,,,,,,,,,,,,,,,,,,,,,,,,,,,,,,,,,,,,,,,,,,,,,,,,,,,,,,,,,,,,,,,,,,,,,,,,,,,,,,,,,,,,,,,,,,,,,,,,,,,,,,,,,,,,,,,,,,,,,,,,,,,,,,,,,,,,,,,,,,,,,,,,,,,,,,,,,,,,,,,,,,,,,,,,,,,,,,,,,,,,,,,,,,,,,,,,,,,,,,,,,,,,,,,,,,,,,,,,,,,,,,,,,,,,,,,,,,,,,,,,,,,,,,,,,,,,,,,,,,,,,,,,,,,,,,,,,,,,,,,,,,,,,,,,,,,,,,,,,,,,,,,,,,,,,,,,,,,,,,,,,,,,,,,,,,,,,,,,,,,,,,,,,,,,,,,,,,,,,,,,,,,,,,,,,,,,,,,,,,,,,,,,,,,,,,,,,,,,,,,,,,,,,,,,,,,,,,,,,,,,,,,,,,,,,,,,,,,,,,,,,,,,,,,,,,,,,,,,,,,,,,,,,,,,,,,,,,,,,,,,,,,,
#,,,,,,,,,,,,,,,,,,,,,,,,,,,,,,,,,,,,,,,,,,,,,,,,,,,,,,,,,,,,,,,,,,,,,,,,,,,,,,,,,,,,,,,,,,,,,,,,,,,,,,,,,,,,,,,,,,,,,,,,,,,,,,,,,,,,,,,,,,,,,,,,,,,,,,,,,,,,,,,,,,,,,,,,,,,,,,,,,,,,,,,,,,,,,,,,,,,,,,,,,,,,,,,,,,,,,,,,,,,,,,,,,,,,,,,,,,,,,,,,,,,,,,,,,,,,,,,,,,,,,,,,,,,,,,,,,,,,,,,,,,,,,,,,,,,,,,,,,,,,,,,,,,,,,,,,,,,,,,,,,,,,,,,,,,,,,,,,,,,,,,,,,,,,,,,,,,,,,,,,,,,,,,,,,,,,,,,,,,,,,,,,,,,,,,,,,,,,,,,,,,,,,,,,,,,,,,,,,,,,,,,,,,,,,,,,,,,,,,,,,,,,,,,,,,,,,,,,,,,,,,,,,,,,,,,,,,,,,,,,,,,,,,,,,,,,,,,,,,,,,,,,,,,,,,,,,,,,,,,,,,,,,,,,,,,,,,,,,,,,,,,,,,,,,,,,,,,,,,,,,,,,,,,,,,,,,,,,,,,,,,,,,,,,,,,,,,,,,,,,,,,,,,,,,,,,,,,,,,,,,,,,,,,,,,,,,,,,,,,,,,,,,,,,,,,,,,,,,,,,,,,,,,,,,,,,,,,,,,,,,,,,,,,,,,,,,,,,,,,,,,,,,,,,,,,,,,,,,,,,,,,,,,,,,,,,,,,,,,,,,,,,,,,,,,,,,,,,,,,,,,,,,,,,,,,,,,,,,,,,,,,,,,,,,,,,,,,,,,,,,,,,,,,,,,,,,,,,,,,,,,,,,,,,,,,,,,,,,,,,,,,,,,,,,,,,,,,,,,,,,,,,,,,,,,,,,,,,,,,,,,,,,,,,,,,,,,,,,,,,,,,,,,,,,,,,,,,,,,,,,,,,,,,,,,,,,,,,,,,,,,,,,,,,,,,,,,,,,,,,,,,,,,,,,,,,,,,,,,,,,,,,,,,,,,,,,,,
# conversion table,,,,,,,,,,,,,,,,,,,,,,,,,,,,,,,,,,,,,,,,,,,,,,,,,,,,,,,,,,,,,,,,,,,,,,,,,,,,,,,,,,,,,,,,,,,,,,,,,,,,,,,,,,,,,,,,,,,,,,,,,,,,,,,,,,,,,,,,,,,,,,,,,,,,,,,,,,,,,,,,,,,,,,,,,,,,,,,,,,,,,,,,,,,,,,,,,,,,,,,,,,,,,,,,,,,,,,,,,,,,,,,,,,,,,,,,,,,,,,,,,,,,,,,,,,,,,,,,,,,,,,,,,,,,,,,,,,,,,,,,,,,,,,,,,,,,,,,,,,,,,,,,,,,,,,,,,,,,,,,,,,,,,,,,,,,,,,,,,,,,,,,,,,,,,,,,,,,,,,,,,,,,,,,,,,,,,,,,,,,,,,,,,,,,,,,,,,,,,,,,,,,,,,,,,,,,,,,,,,,,,,,,,,,,,,,,,,,,,,,,,,,,,,,,,,,,,,,,,,,,,,,,,,,,,,,,,,,,,,,,,,,,,,,,,,,,,,,,,,,,,,,,,,,,,,,,,,,,,,,,,,,,,,,,,,,,,,,,,,,,,,,,,,,,,,,,,,,,,,,,,,,,,,,,,,,,,,,,,,,,,,,,,,,,,,,,,,,,,,,,,,,,,,,,,,,,,,,,,,,,,,,,,,,,,,,,,,,,,,,,,,,,,,,,,,,,,,,,,,,,,,,,,,,,,,,,,,,,,,,,,,,,,,,,,,,,,,,,,,,,,,,,,,,,,,,,,,,,,,,,,,,,,,,,,,,,,,,,,,,,,,,,,,,,,,,,,,,,,,,,,,,,,,,,,,,,,,,,,,,,,,,,,,,,,,,,,,,,,,,,,,,,,,,,,,,,,,,,,,,,,,,,,,,,,,,,,,,,,,,,,,,,,,,,,,,,,,,,,,,,,,,,,,,,,,,,,,,,,,,,,,,,,,,,,,,,,,,,,,,,,,,,,,,,,,,,,,,,,,,,,,,,,,,,,,,,,,,,,,,,,,,,,,,,,,,,,,,,,,,,,,,,,,,,,,,,,,,,,,,,,,,,,,,,,,,,,,,
#,,,,,,,,,,,,,,,,,,,,,,,,,,,,,,,,,,,,,,,,,,,,,,,,,,,,,,,,,,,,,,,,,,,,,,,,,,,,,,,,,,,,,,,,,,,,,,,,,,,,,,,,,,,,,,,,,,,,,,,,,,,,,,,,,,,,,,,,,,,,,,,,,,,,,,,,,,,,,,,,,,,,,,,,,,,,,,,,,,,,,,,,,,,,,,,,,,,,,,,,,,,,,,,,,,,,,,,,,,,,,,,,,,,,,,,,,,,,,,,,,,,,,,,,,,,,,,,,,,,,,,,,,,,,,,,,,,,,,,,,,,,,,,,,,,,,,,,,,,,,,,,,,,,,,,,,,,,,,,,,,,,,,,,,,,,,,,,,,,,,,,,,,,,,,,,,,,,,,,,,,,,,,,,,,,,,,,,,,,,,,,,,,,,,,,,,,,,,,,,,,,,,,,,,,,,,,,,,,,,,,,,,,,,,,,,,,,,,,,,,,,,,,,,,,,,,,,,,,,,,,,,,,,,,,,,,,,,,,,,,,,,,,,,,,,,,,,,,,,,,,,,,,,,,,,,,,,,,,,,,,,,,,,,,,,,,,,,,,,,,,,,,,,,,,,,,,,,,,,,,,,,,,,,,,,,,,,,,,,,,,,,,,,,,,,,,,,,,,,,,,,,,,,,,,,,,,,,,,,,,,,,,,,,,,,,,,,,,,,,,,,,,,,,,,,,,,,,,,,,,,,,,,,,,,,,,,,,,,,,,,,,,,,,,,,,,,,,,,,,,,,,,,,,,,,,,,,,,,,,,,,,,,,,,,,,,,,,,,,,,,,,,,,,,,,,,,,,,,,,,,,,,,,,,,,,,,,,,,,,,,,,,,,,,,,,,,,,,,,,,,,,,,,,,,,,,,,,,,,,,,,,,,,,,,,,,,,,,,,,,,,,,,,,,,,,,,,,,,,,,,,,,,,,,,,,,,,,,,,,,,,,,,,,,,,,,,,,,,,,,,,,,,,,,,,,,,,,,,,,,,,,,,,,,,,,,,,,,,,,,,,,,,,,,,,,,,,,,,,,,,,,,,,,,,,,,,,,,,,,,,,,,,,,,,,,,,,,
# first name part,second name part,font,variations,all characters,,,,,,,,,,,,,,,,,,,,,,,,,,,,,,,,,,,,,,,,,,,,,,,,,,,,,,,,,,,,,,,,,,,,,,,,,,,,,,,,,,,,,,,,,,,,,,,,,,,,,,,,,,,,,,,,,,,,,,,,,,,,,,,,,,,,,,,,,,,,,,,,,,,,,,,,,,,,,,,,,,,,,,,,,,,,,,,,,,,,,,,,,,,,,,,,,,,,,,,,,,,,,,,,,,,,,,,,,,,,,,,,,,,,,,,,,,,,,,,,,,,,,,,,,,,,,,,,,,,,,,,,,,,,,,,,,,,,,,,,,,,,,,,,,,,,,,,,,,,,,,,,,,,,,,,,,,,,,,,,,,,,,,,,,,,,,,,,,,,,,,,,,,,,,,,,,,,,,,,,,,,,,,,,,,,,,,,,,,,,,,,,,,,,,,,,,,,,,,,,,,,,,,,,,,,,,,,,,,,,,,,,,,,,,,,,,,,,,,,,,,,,,,,,,,,,,,,,,,,,,,,,,,,,,,,,,,,,,,,,,,,,,,,,,,,,,,,,,,,,,,,,,,,,,,,,,,,,,,,,,,,,,,,,,,,,,,,,,,,,,,,,,,,,,,,,,,,,,,,,,,,,,,,,,,,,,,,,,,,,,,,,,,,,,,,,,,,,,,,,,,,,,,,,,,,,,,,,,,,,,,,,,,,,,,,,,,,,,,,,,,,,,,,,,,,,,,,,,,,,,,,,,,,,,,,,,,,,,,,,,,,,,,,,,,,,,,,,,,,,,,,,,,,,,,,,,,,,,,,,,,,,,,,,,,,,,,,,,,,,,,,,,,,,,,,,,,,,,,,,,,,,,,,,,,,,,,,,,,,,,,,,,,,,,,,,,,,,,,,,,,,,,,,,,,,,,,,,,,,,,,,,,,,,,,,,,,,,,,,,,,,,,,,,,,,,,,,,,,,,,,,,,,,,,,,,,,,,,,,,,,,,,,,,,,,,,,,,,,,,,,,,,,,,,,,,,,,,,,,,,,,,,,,,,,,,,,,,,,,,,,,,,,,,,,,,,,,,,,,,,,,,,,,,,,,,,,,,,,,,,,,,,,,,,,,
#,,,,,,,,,,,,,,,,,,,,,,,,,,,,,,,,,,,,,,,,,,,,,,,,,,,,,,,,,,,,,,,,,,,,,,,,,,,,,,,,,,,,,,,,,,,,,,,,,,,,,,,,,,,,,,,,,,,,,,,,,,,,,,,,,,,,,,,,,,,,,,,,,,,,,,,,,,,,,,,,,,,,,,,,,,,,,,,,,,,,,,,,,,,,,,,,,,,,,,,,,,,,,,,,,,,,,,,,,,,,,,,,,,,,,,,,,,,,,,,,,,,,,,,,,,,,,,,,,,,,,,,,,,,,,,,,,,,,,,,,,,,,,,,,,,,,,,,,,,,,,,,,,,,,,,,,,,,,,,,,,,,,,,,,,,,,,,,,,,,,,,,,,,,,,,,,,,,,,,,,,,,,,,,,,,,,,,,,,,,,,,,,,,,,,,,,,,,,,,,,,,,,,,,,,,,,,,,,,,,,,,,,,,,,,,,,,,,,,,,,,,,,,,,,,,,,,,,,,,,,,,,,,,,,,,,,,,,,,,,,,,,,,,,,,,,,,,,,,,,,,,,,,,,,,,,,,,,,,,,,,,,,,,,,,,,,,,,,,,,,,,,,,,,,,,,,,,,,,,,,,,,,,,,,,,,,,,,,,,,,,,,,,,,,,,,,,,,,,,,,,,,,,,,,,,,,,,,,,,,,,,,,,,,,,,,,,,,,,,,,,,,,,,,,,,,,,,,,,,,,,,,,,,,,,,,,,,,,,,,,,,,,,,,,,,,,,,,,,,,,,,,,,,,,,,,,,,,,,,,,,,,,,,,,,,,,,,,,,,,,,,,,,,,,,,,,,,,,,,,,,,,,,,,,,,,,,,,,,,,,,,,,,,,,,,,,,,,,,,,,,,,,,,,,,,,,,,,,,,,,,,,,,,,,,,,,,,,,,,,,,,,,,,,,,,,,,,,,,,,,,,,,,,,,,,,,,,,,,,,,,,,,,,,,,,,,,,,,,,,,,,,,,,,,,,,,,,,,,,,,,,,,,,,,,,,,,,,,,,,,,,,,,,,,,,,,,,,,,,,,,,,,,,,,,,,,,,,,,,,,,,,,,,,,,,,,,,,
Kiel,,font_IPA,ohneX,藞,藢,藧,藧藔, ,/,[,],.,b胎,p拾,d胎,t刷,伞虋,k拾,v,f,胃,s,蕽,蓵,h,m,m藔,b胎m泰,m藧,m藧藔,m蓹,m蓯,n,n藔,d胎n泰,fn泰,sn泰,冒虨藧n泰,冒虨藔n泰,l泰n,l藔n泰,l蓹n,n藧,n藧藔,n蓹,n蓯,n蓹n,艐,艐藔,伞虋艐泰,艐藧,艐藧藔,艐蓹,艐蓯,l,l藔,b胎l泰,d胎l泰,伞虋l泰,fl泰,sl泰,ml泰,m藔l泰,nl泰,n藔l泰,艐l泰,艐藔l泰,l蓹,l蓯,w,冒虨,冒虨藔,冒虨泰,冒虨藧,冒虨藧藔,冒虨蓹,冒虨蓯,冒虨藔蓹,冒虨藔蓯,冒虨蓹冒虨蓹,晒,蕘,i,ib胎,ib胎蓹,ib胎蓯,id胎,id胎蓹,id胎蓯,i伞虋,i伞虋蓹,i伞虋蓯,if,if蓹,if蓯,is,is蓹,is蓯,is伞虋,is伞虋蓹,is伞虋蓯,ifd胎,ifd胎蓹,ifd胎蓯,isd胎,isd胎蓹,isd胎蓯,i藧,i藧b胎蓹,i藧b胎蓯,i藧藔b胎蓹,i藧藔b胎蓯,i藧d胎蓹,i藧d胎蓯,i藧藔d胎蓹,i藧藔d胎蓯,i藧伞虋蓹,i藧伞虋蓯,i藧藔伞虋蓹,i藧藔伞虋蓯,i藧f蓹,i藧f蓯,i藧藔f蓹,i藧藔f蓯,i藧s蓹,i藧s蓯,i藧藔s蓹,i藧藔s蓯,i藧s伞虋蓹,i藧s伞虋蓯,i藧藔s伞虋蓹,i藧藔s伞虋蓯,i藧sd胎蓹,i藧sd胎蓯,i藧藔sd胎蓹,i藧藔sd胎蓯,i藧藔,i冒虨藔,i冒虨藔,i冒虨藔蓹,i藧蓹,i藧藔蓹,e虧,e虧藧,e虧藧b胎蓹,e虧藧b胎蓯,e虧b胎,e虧b胎蓹,e虧b胎蓯,e虧藧藔b胎蓹,e虧藧藔b胎蓯,e虧藧d胎蓹,e虧藧d胎蓯,e虧d胎,e虧d胎蓹,e虧d胎蓯,e虧藧藔d胎蓹,e虧藧藔d胎蓯,e虧藧伞虋蓹,e虧藧伞虋蓯,e虧伞虋,e虧伞虋蓹,e虧伞虋蓯,e虧藧藔伞虋蓹,e虧藧藔伞虋蓯,e虧f,e虧f蓹,e虧f蓯,e虧藧f蓹,e虧藧f蓯,e虧藧藔f蓹,e虧藧藔f蓯,e虧s伞虋,e虧s伞虋蓹,e虧s伞虋蓯,e虧藧s伞虋蓹,e虧藧s伞虋蓯,e虧藧s藔伞虋蓹,e虧藧s藔伞虋蓯,e虧fd胎,e虧fd胎蓹,e虧fd胎蓯,e虧sd胎,e虧sd胎蓹,e虧sd胎蓯,e虧藧sd胎蓹,e虧藧sd胎蓯,e虧藧s藔d胎蓹,e虧藧藔sd胎蓯,e虧s,e虧s蓹,e虧s蓯,e虧藧s蓹,e虧藧s蓯,e虧藧藔s蓹,e虧藧藔s蓯,e虧藧,e虧藧藔,e虧冒虨藔,e虧冒虨藔蓹,e虧冒虨藔,e虧藧藔,e虧藧蓹,e虧藧藔蓹,e虧藧蓹,e虧藧蓯,e虧藧藔蓹,e虧藧藔蓯,e虨,e虨藧,e虨b胎,e虨b胎蓹,e虨b胎蓯,e虨藧b胎蓹,e虨藧b胎蓯,e虨藧藔b胎蓹,e虨藧藔b胎蓯,e虨d胎,e虨d胎蓹,e虨d胎蓯,e虨藧d胎蓹,e虨藧d胎蓯,e虨藧藔d胎蓹,e虨藧藔d胎蓯,e虨伞虋,e虨伞虋蓹,e虨伞虋蓯,e虨藧伞虋蓹,e虨藧伞虋蓯,e虨藧藔伞虋蓹,e虨藧藔伞虋蓯,e虨f,e虨f蓹,e虨f蓯,e虨藧f蓹,e虨藧f蓯,e虨藧藔f蓹,e虨藧藔f蓯,e虨s,e虨s蓹,e虨s蓯,e虨藧s蓹,e虨藧s蓯,e虨藧藔s蓹,e虨藧藔s蓯,e虨s伞虋,e虨s伞虋蓹,e虨s伞虋蓯,e虨藧s伞虋蓹,e虨藧s伞虋蓯,e虨藧藔s伞虋蓹,e虨藧藔s伞虋蓯,e虨fd胎,e虨fd胎蓹,e虨fd胎蓯,e虨sd胎,e虨sd胎蓹,e虨sd胎蓯,e虨藧sd胎蓹,e虨藧sd胎蓯,e虨藧藔sd胎蓹,e虨藧藔sd胎蓯,e虨藧,e虨藧藔,e虨冒虨藔,e虨冒虨藔,e虨冒虨藔蓹,e虨藧藔,e虨藧蓹,e虨藧藔蓹,e虨藧蓹,e虨藧蓯,e虨藧藔蓹,e虨藧藔蓯,蓻藧,蓻藧b胎蓹,蓻藧b胎蓯,蓻藧藔b胎蓹,蓻藧藔b胎蓯,蓻藧d胎蓹,蓻藧d胎蓯,蓻藧藔d胎蓹,蓻藧藔d胎蓯,蓻藧伞虋蓹,蓻藧伞虋蓯,蓻藧藔伞虋蓹,蓻藧藔伞虋蓯,蓻藧f蓹,蓻藧f蓯,蓻藧藔f蓹,蓻藧藔f蓯,蓻藧s蓹,蓻藧s蓯,蓻藧藔s蓹,蓻藧藔s蓯,蓻藧s伞虋蓹,蓻藧s伞虋蓯,蓻藧藔s伞虋蓹,蓻藧藔s伞虋蓯,蓻藧sd胎蓹,蓻藧sd胎蓯,蓻藧藔sd胎蓹,蓻藧藔sd胎蓯,蓻藧藔,蓻冒虨藔,蓻冒虨藔,蓻藧藔,蓻藧蓹,蓻藧藔蓹,蓻藧蓹,蓻藧蓯,蓻藧藔蓹,蓻藧藔蓯,忙,蕘蓱虉d胎,蕘蓱虉d胎蓹,蕘蓱虉d胎蓯,蕘蓱虉藧d胎蓹,蕘蓱虉藧d胎蓯,忙d胎,忙d胎蓹,忙d胎蓯,蕘蓱虉s,蕘蓱虉s蓹,蕘蓱虉s蓯,蕘蓱虉藧s蓹,蕘蓱虉藧s蓯,忙s,忙s蓹,忙s蓯,蕘蓱虉fd胎,蕘蓱虉fd胎蓹,蕘蓱虉fd胎蓯,蕘蓱虉sd胎,蕘蓱虉sd胎蓹,蕘蓱虉sd胎蓯,蕘蓱虉藧sd胎蓹,蕘蓱虉藧sd胎蓯,忙sd胎,忙sd胎蓹,忙sd胎蓯,蕘蓱虉s伞虋,蕘蓱虉s伞虋蓹,蕘蓱虉s伞虋蓯,蕘蓱虉藧s伞虋蓹,蕘蓱虉藧s伞虋蓯,忙s伞虋,忙s伞虋蓹,忙s伞虋蓯,y,y藧,yb胎,yb胎蓹,yb胎蓯,y藧b胎蓹,y藧b胎蓯,y藧藔b胎蓹,y藧藔b胎蓯,yd胎,yd胎蓹,yd胎蓯,y藧d胎蓹,y藧d胎蓯,y藧藔d胎蓹,y藧藔d胎蓯,y伞虋,y伞虋蓹,y伞虋蓯,y藧伞虋蓹,y藧伞虋蓯,y藧藔伞虋蓹,y藧藔伞虋蓯,yf,yf蓹,yf蓯,y藧f蓹,y藧f蓯,y藧藔f蓹,y藧藔f蓯,ys,ys蓹,ys蓯,y藧s蓹,y藧s蓯,y藧藔s蓹,y藧藔s蓯,ys伞虋,ys伞虋蓹,ys伞虋蓯,y藧s伞虋蓹,y藧s伞虋蓯,y藧藔s伞虋蓹,y藧藔s伞虋蓯,yfd胎,yfd胎蓹,yfd胎蓯,ysd胎,ysd胎蓹,ysd胎蓯,y藧sd胎蓹,y藧sd胎蓯,y藧藔sd胎蓹,y藧藔sd胎蓯,y藧藔,y冒虨藔,y冒虨藔,y冒虨藔蓹,y藧蓹,y藧藔蓹,酶,酶藧,酶b胎,酶b胎蓹,酶b胎蓯,酶藧b胎蓹,酶藧b胎蓯,酶藧藔b胎蓹,酶藧藔b胎蓯,酶d胎,酶d胎蓹,酶d胎蓯,酶藧d胎蓹,酶藧d胎蓯,酶藧藔d胎蓹,酶藧藔d胎蓯,酶伞虋,酶伞虋蓹,酶伞虋蓯,酶藧伞虋蓹,酶藧伞虋蓯,酶藧藔伞虋蓹,酶藧藔伞虋蓯,酶f,酶f蓹,酶f蓯,酶藧f蓹,酶藧f蓯,酶藧藔f蓹,酶藧藔f蓯,酶s,酶s蓹,酶s蓯,酶藧s蓹,酶藧s蓯,酶藧藔s蓹,酶藧藔s蓯,酶s伞虋,酶s伞虋蓹,酶s伞虋蓯,酶藧s伞虋蓹,酶藧s伞虋蓯,酶藧s藔伞虋蓹,酶藧s藔伞虋蓯,酶fd胎,酶fd胎蓹,酶fd胎蓯,酶sd胎,酶sd胎蓹,酶sd胎蓯,酶藧sd胎蓹,酶藧sd胎蓯,酶藧藔sd胎蓹,酶藧藔sd胎蓯,酶藧,酶藧藔,酶冒虨藔,酶冒虨藔,酶冒虨藔蓹,酶藧藔,酶藧蓹,酶藧藔蓹,酶藧蓹,酶藧藔蓹,艙虧,艙虧藧,蕘艙虧藧藔,蕘艙虨,蕘艙虨藧,蕘艙虨冒虨藔,蕘艙虨冒虨藔,蕘艙虨冒虨藔蓹,蕘艙虨b胎,蕘艙虨b胎蓹,蕘艙虨b胎蓯,蕘艙虨藧b胎蓹,蕘艙虨藧b胎蓯,蕘艙d胎,蕘艙d胎蓹,蕘艙d胎蓯,蕘艙虨藧d胎蓹,蕘艙虨藧d胎蓯,蕘艙虨伞虋,蕘艙虨伞虋蓹,蕘艙虨伞虋蓯,蕘艙虨藧伞虋蓹,蕘艙虨藧伞虋蓯,蕘艙虨f,蕘艙虨f蓹,蕘艙虨f蓯,蕘艙虨藧f蓹,蕘艙虨藧f蓯,蕘艙虨s,蕘艙虨s蓹,蕘艙虨s蓯,蕘艙虨藧s蓹,蕘艙虨藧s蓯,蕘艙虨s伞虋,蕘艙虨s伞虋蓹,蕘艙虨s伞虋蓯,蕘艙虨藧s伞虋蓹,蕘艙虨藧s伞虋蓯,蕘艙虨fd胎,蕘艙虨fd胎蓹,蕘艙虨fd胎蓯,蕘艙虨sd胎,蕘艙虨sd胎蓹,蕘艙虨sd胎蓯,蕘啥虧,蕘啥虧b胎,蕘啥虧b胎蓹,蕘啥虧b胎蓯,蕘啥虧d胎蓹,蕘啥虧d胎蓯,蕘啥虧伞虋,蕘啥虧伞虋蓹,蕘啥虧伞虋蓯,蕘啥虧f,蕘啥虧f蓹,蕘啥虧f蓯,蕘啥虧s,蕘啥虧s蓹,蕘啥虧s蓯,蕘啥虧s伞虋,蕘啥虧s伞虋蓹,蕘啥虧s伞虋蓯,蕘啥虧fd胎,蕘啥虧fd胎蓹,蕘啥虧fd胎蓯,蕘啥虧sd胎,蕘啥虧sd胎蓹,蕘啥虧sd胎蓯,蓹,蓯,蓯藧藧,蕘蓱虉,蕘蓱虉,蓱虉,蓱虉藧,蓱虉b胎,蓱虉b胎蓹,蓱虉b胎蓯,蓱虉藧b胎蓹,蓱虉藧b胎蓯,蓱虉藧藔b胎蓹,蓱虉藧藔b胎蓯,蓱虉d胎,蓱虉d胎蓹,蓱虉d胎蓯,蓱虉藧d胎蓹,蓱虉藧d胎蓯,蓱虉藧藔d胎蓹,蓱虉藧藔d胎蓯,蓱虉伞虋,蓱虉伞虋蓹,蓱虉伞虋蓯,蓱虉藧伞虋蓹,蓱虉藧伞虋蓯,蓱虉藧藔伞虋蓹,蓱虉藧藔伞虋蓯,蓱虉f,蓱虉f蓹,蓱虉f蓯,蓱虉藧f蓹,蓱虉藧f蓯,蓱虉藧藔f蓹,蓱虉藧藔f蓯,蓱虉s,蓱虉s蓹,蓱虉s蓯,蓱虉藧s蓹,蓱虉藧s蓯,蓱虉藧藔s蓹,蓱虉藧藔s蓯,蓱虉s伞虋,蓱虉s伞虋蓹,蓱虉s伞虋蓯,蓱虉藧s伞虋蓹,蓱虉藧s伞虋蓯,蓱虉藧藔s伞虋蓹,蓱虉藧藔s伞虋蓯,蓱虉fd胎,蓱虉fd胎蓹,蓱虉fd胎蓯,蓱虉sd胎,蓱虉sd胎蓹,蓱虉sd胎蓯,蓱虉藧sd胎蓹,蓱虉藧sd胎蓯,蓱虉藧藔sd胎蓹,蓱虉藧藔sd胎蓯,蓱虉藧藔,蓱虉冒虨藔,蓱虉冒虨藔,蓱虉冒虨藔蓹,蓱虉藧藧,蓱虉藧藧藔,蕦虨虉b胎,蕦虨虉b胎蓹,蕦虨虉b胎蓯,蕦虨虉d胎,蕦虨虉d胎蓹,蕦虨虉d胎蓯,蕦虨虉伞虋,蕦虨虉伞虋蓹,蕦虨虉伞虋蓯,蕦虨虉f,蕦虨虉f蓹,蕦虨虉f蓯,蕦虨虉s,蕦虨虉s蓹,蕦虨虉s蓯,蕦虨虉fd胎,蕦虨虉fd胎蓹,蕦虨虉fd胎蓯,蕦虨虉sd胎,蕦虨虉sd胎蓹,蕦虨虉sd胎蓯,蕦虨虉s伞虋,蕦虨虉s伞虋蓹,蕦虨虉s伞虋蓯,蕦虨虉,u,u藧,ub胎,ub胎蓹,ub胎蓯,u藧b胎蓹,u藧b胎蓯,u藧藔b胎蓹,u藧藔b胎蓯,ud胎,ud胎蓹,ud胎蓯,u藧d胎蓹,u藧d胎蓯,u藧藔d胎蓹,u藧藔d胎蓯,u伞虋,u伞虋蓹,u伞虋蓯,u藧伞虋蓹,u藧伞虋蓯,u藧藔伞虋蓹,u藧藔伞虋蓯,uf,uf蓹,uf蓯,u藧f蓹,u藧f蓯,u藧藔f蓹,u藧藔f蓯,us,us蓹,us蓯,u藧s蓹,u藧s蓯,u藧藔s蓹,u藧藔s蓯,us伞虋,us伞虋蓹,us伞虋蓯,u藧s伞虋蓹,u藧s伞虋蓯,u藧藔s伞虋蓹,u藧藔s伞虋蓯,ufd胎,ufd胎蓹,ufd胎蓯,usd胎,usd胎蓹,usd胎蓯,u藧sd胎蓹,u藧sd胎蓯,u藧藔sd胎蓹,u藧藔sd胎蓯,u藧藔,u冒虨藔,u冒虨藔,u冒虨藔蓹,u藧蓹,u藧藔蓹,o虧,o虧藧,o虧藧b胎蓹,o虧藧b胎蓯,o虧藧藔b胎蓹,o虧藧藔b胎蓯,o虧藧d胎蓹,o虧藧d胎蓯,o虧藧藔d胎蓹,o虧藧藔d胎蓯,o虧藧伞虋蓹,o虧藧伞虋蓯,o虧藧藔伞虋蓹,o虧藧藔伞虋蓯,o虧藧f蓹,o虧藧f蓯,o虧藧藔f蓹,o虧藧藔f蓯,o虧藧s蓹,o虧藧s蓯,o虧藧藔s蓹,o虧藧藔s蓯,o虧藧s伞虋蓹,o虧藧s伞虋蓯,o虧藧藔s伞虋蓹,o虧藧藔s伞虋蓯,o虧藧sd胎蓹,o虧藧sd胎蓯,o虧藧藔sd胎蓹,o虧藧藔sd胎蓯,o虧藧藔,o虧冒虨藔,o虧冒虨藔,o虧冒虨藔蓹,o虧藧蓹,o虧藧藔蓹,蓴虧虉,蓴虧虉藧,蓴虧虉b胎,蓴虧虉b胎蓹,蓴虧虉b胎蓯,蓴虧虉藧b胎蓹,蓴虧虉藧b胎蓯,蓴虧虉藧藔b胎蓹,蓴虧虉藧藔b胎蓯,蓴虧虉d胎,蓴虧虉d胎蓹,蓴虧虉d胎蓯,蓴虧虉藧d胎蓹,蓴虧虉藧d胎蓯,蓴虧虉藧藔d胎蓹,蓴虧虉藧藔d胎蓯,蓴虧虉伞虋,蓴虧虉伞虋蓹,蓴虧虉伞虋蓯,蓴虧虉藧伞虋蓹,蓴虧虉藧伞虋蓯,蓴虧虉藧藔伞虋蓹,蓴虧虉藧藔伞虋蓯,蓴虧虉f,蓴虧虉f蓹,蓴虧虉f蓯,蓴虧虉藧f蓹,蓴虧虉藧f蓯,蓴虧虉藧藔f蓹,蓴虧虉藧藔f蓯,蓴虧虉s,蓴虧虉s蓹,蓴虧虉s蓯,蓴虧虉藧s蓹,蓴虧虉藧s蓯,蓴虧虉藧藔s蓹,蓴虧虉藧藔s蓯,蓴虧虉s伞虋,蓴虧虉s伞虋蓹,蓴虧虉s伞虋蓯,蓴虧虉藧s伞虋蓹,蓴虧虉藧s伞虋蓯,蓴虧虉藧藔s伞虋蓹,蓴虧虉藧藔s伞虋蓯,蓴虧虉fd胎,蓴虧虉fd胎蓹,蓴虧虉fd胎蓯,蓴虧虉sd胎,蓴虧虉sd胎蓹,蓴虧虉sd胎蓯,蓴虧虉藧sd胎蓹,蓴虧虉藧sd胎蓯,蓴虧虉藧藔sd胎蓹,蓴虧虉藧藔sd胎蓯,蓴虧虉藧藔,蓴虧虉冒虨藔,蓴虧虉冒虨藔,蓴虧虉冒虨藔蓹,蓴虨,蓴虨藧,蓴虨藧b胎蓹,蓴虨藧b胎蓯,蓴虨藧藔b胎蓹,蓴虨藧藔b胎蓯,蓴虨藧d胎蓹,蓴虨藧d胎蓯,蓴虨藧藔d胎蓹,蓴虨藧藔d胎蓯,蓴虨藧伞虋蓹,蓴虨藧伞虋蓯,蓴虨藧藔伞虋蓹,蓴虨藧藔伞虋蓯,蓴虨藧f蓹,蓴虨藧f蓯,蓴虨藧藔f蓹,蓴虨藧藔f蓯,蓴虨藧s蓹,蓴虨藧s蓯,蓴虨藧藔s蓹,蓴虨藧藔s蓯,蓴虨藧s伞虋蓹,蓴虨藧s伞虋蓯,蓴虨藧藔s伞虋蓹,蓴虨藧藔s伞虋蓯,蓴虨藧sd胎蓹,蓴虨藧sd胎蓯,蓴虨藧藔sd胎蓹,蓴虨藧藔sd胎蓯,蓴虨藧藔,蓴虨藧藧,蓴虨藧藧藔,iu摊,iu摊藔,iu摊,iu摊,iu摊藔,iu摊藔,iu摊蓹,iu摊蓯,i蓯摊,i蓯摊藔,i藧蓯,i藧藔蓯,i藧蓯,i藧藔蓯,i蓯摊u摊,i蓯摊u摊,i蓯摊u摊藔,i蓯摊u摊藔,e虧u摊,e虧u摊藔,e虧u摊藔,e虧u摊藔,e虧u摊,e虧u摊,e虧u摊蓹,e虧u摊蓯,e虧蓯摊,e虧蓯摊藔,e虧藧蓯,e虧藧藔蓯,e虨u摊,e虨u摊藔,e虨u摊藔,e虨u摊藔,e虨u摊,e虨u摊,e虨u摊蓹,e虨u摊蓯,e虨蓯摊,e虨蓯摊藔,e虨蓯摊藔,e虨藧蓯,e虨藧藔蓯,蓻i摊,蓻u摊藔,蓻u摊藔,蓻u摊,蓻u摊,蓻u摊蓹,蓻u摊蓯,蓻蓯摊,蓻蓯摊藔,蓻藧蓯,蓻藧藔蓯,蓻蓯摊u摊,蓻蓯摊u摊,蓻蓯摊u摊藔,蓻蓯摊u摊藔,蓻蓯摊u摊蓹,蓻蓯摊u摊蓯,蓻蓯摊u摊蓹,蓻蓯摊u摊蓯,yu摊,yu摊藔,yu摊,yu摊,yu摊藔,yu摊藔,yu摊蓹,yu摊蓯,y蓯摊,y蓯摊藔,y藧蓯,y藧藔蓯,y藧蓯,y藧藔蓯,酶u摊,酶u摊藔,酶u摊藔,酶u摊藔,酶u摊,酶u摊蓹,酶u摊蓯,酶蓯摊藔,艙虧u摊,艙虧u摊藔,艙虨蓯摊,艙虨蓯摊藔,艙虨藧蓯,艙虨藧蓯,艙藧藔蓯,艙虨蓯摊u摊,艙虨蓯摊u摊,艙虨蓯摊u摊藔,艙虨蓯摊u摊藔,艙虨蓯摊u摊蓹,艙虨蓯摊u摊蓯,艙虨蓯摊u摊蓹,艙虨蓯摊u摊蓯,蕘艙虨u摊,蕘艙虨u摊,蕘艙虨u摊蓹,蕘艙虨u摊蓯,蕘艙虨u摊蓹,蕘艙虨u摊蓯,蕘啥虧u摊,蕘啥虧u摊,蕘啥虧u摊藔,蕘啥虧u摊藔,蕘啥虧u摊藔,蓱虉i摊,蓱虉i摊藔,蓱虉i摊蓹,蓱虉i摊蓯,蓱虉u摊,蓱虉u摊藔,蓱虉u摊蓹,蓱虉u摊蓯,蓱虉u摊蓹,蓱虉u摊蓯,蓱虉藧u摊,蓱虉藧u摊,蓱虉藧u摊藔,蓱虉藧u摊藔,蓱虉藧u摊蓹,蓱虉藧u摊蓯,蓱虉藧u摊蓹,蓱虉藧u摊蓯,ui摊,ui摊藔,ui摊蓹,ui摊蓯,u蓯摊,u蓯摊藔,u藧蓯,u藧藔蓯,u藧蓯,u藧藔蓯,u蓯摊u摊,u蓯摊u摊,u蓯摊u摊藔,u蓯摊u摊藔,u蓯摊u摊蓹,u蓯摊u摊蓯,o虧蓯摊,o虧蓯摊藔,o虧蓯摊藔,o虧藧蓯,蓴虧虉u摊,蓴虧虉u摊藔,蓴虧虉u摊藔,蓴虧虉u摊藔,蓴虧虉u摊,蓴虧虉u摊,蓴虧虉u摊蓹,蓴虧虉u摊蓯,蓴虧虉u摊蓹,蓴虧虉u摊蓯,蕦虨虉i摊,蕦虨虉i摊藔,蕦虨虉i摊蓹,蕦虨虉i摊蓯,蓴虨u摊,蓴虨u摊藔,蓴虨u摊,蓴虨u摊蓹,蓴虨u摊蓯,蓴虨u摊蓹,蓴虨u摊蓯,蓴虨藧u摊,蓴虨藧u摊,蓴虨藧u摊藔,蓴虨藧u摊藔,蓴虨藧u摊蓹,蓴虨藧u摊蓯,蓴虨藧u摊蓹,蓴虨藧u摊蓯
Kiel,SchwaTilgung,font_IPA,ohneX,藞,藢,藧,藧藔, ,/,[,],.,b胎,p拾,d胎,t刷,伞虋,k拾,v,f,胃,s,蕽,蓵,h,m,m藔,b胎m泰,m藧,m藧藔,m藧,m蓯,n,n藔,d胎n泰,fn泰,sn泰,冒虨藧n泰,冒虨藔n泰,l泰n,l藔n泰,l蓹n,n藧,n藧藔,n藧,n蓯,n蓹n,艐,艐藔,伞虋艐泰,艐藧,艐藧藔,艐藧,艐蓯,l,l藔,b胎l泰,d胎l泰,伞虋l泰,fl泰,sl泰,ml泰,m藔l泰,nl泰,n藔l泰,艐l泰,艐藔l泰,l藧,l蓯,w,冒虨,冒虨藔,冒虨泰,冒虨藧,冒虨藧藔,冒虨藧,冒虨蓯,冒虨藧藔,冒虨藔蓯,冒虨藧藧,晒,蕘,i,ib胎,ib胎,ib胎蓯,id胎,id胎,id胎蓯,i伞虋,i伞虋,i伞虋蓯,if,if,if蓯,is,is,is蓯,is伞虋,is伞虋,is伞虋蓯,ifd胎,ifd胎,ifd胎蓯,isd胎,isd胎,isd胎蓯,i藧,i藧藧b胎,i藧b胎蓯,i藧藧藔b胎,i藧藔b胎蓯,i藧藧d胎,i藧d胎蓯,i藧藧藔d胎,i藧藔d胎蓯,i藧藧伞虋,i藧伞虋蓯,i藧藧藔伞虋,i藧藔伞虋蓯,i藧藧f,i藧f蓯,i藧藧藔f,i藧藔f蓯,i藧藧s,i藧s蓯,i藧藧藔s,i藧藔s蓯,i藧藧s伞虋,i藧s伞虋蓯,i藧藧藔s伞虋,i藧藔s伞虋蓯,i藧藧sd胎,i藧sd胎蓯,i藧藧藔sd胎,i藧藔sd胎蓯,i藧藔,i冒虨藔,i冒虨藔,i冒虨藧藔,i藧藧,i藧藧藔,e虧,e虧藧,e虧藧藧b胎,e虧藧b胎蓯,e虧b胎,e虧b胎,e虧b胎蓯,e虧藧藧藔b胎,e虧藧藔b胎蓯,e虧藧藧d胎,e虧藧d胎蓯,e虧d胎,e虧d胎,e虧d胎蓯,e虧藧藧藔d胎,e虧藧藔d胎蓯,e虧藧藧伞虋,e虧藧伞虋蓯,e虧伞虋,e虧伞虋,e虧伞虋蓯,e虧藧藧藔伞虋,e虧藧藔伞虋蓯,e虧f,e虧f,e虧f蓯,e虧藧藧f,e虧藧f蓯,e虧藧藧藔f,e虧藧藔f蓯,e虧s伞虋,e虧s伞虋,e虧s伞虋蓯,e虧藧藧s伞虋,e虧藧s伞虋蓯,e虧藧藧藔s伞虋,e虧藧藔s伞虋蓯,e虧fd胎,e虧fd胎,e虧fd胎蓯,e虧sd胎,e虧sd胎,e虧sd胎蓯,e虧藧藧sd胎,e虧藧sd胎蓯,e虧藧藧藔sd胎,e虧藧藔sd胎蓯,e虧s,e虧s,e虧s蓯,e虧藧藧s,e虧藧s蓯,e虧藧藧藔s,e虧藧藔s蓯,e虧藧,e虧藧藔,e虧冒虨藔,e虧冒虨藧藔,e虧冒虨藔,e虧藧藔,e虧藧藧,e虧藧藧藔,e虧藧藧,e虧藧蓯,e虧藧藧藔,e虧藧藔蓯,e虨,e虨藧,e虨b胎,e虨b胎,e虨b胎蓯,e虨藧藧b胎,e虨藧b胎蓯,e虨藧藧藔b胎,e虨藧藔b胎蓯,e虨d胎,e虨d胎,e虨d胎蓯,e虨藧藧d胎,e虨藧d胎蓯,e虨藧藧藔d胎,e虨藧藔d胎蓯,e虨伞虋,e虨伞虋,e虨伞虋蓯,e虨藧藧伞虋,e虨藧伞虋蓯,e虨藧藧藔伞虋,e虨藧藔伞虋蓯,e虨f,e虨f,e虨f蓯,e虨藧藧f,e虨藧f蓯,e虨藧藧藔f,e虨藧藔f蓯,e虨s,e虨s,e虨s蓯,e虨藧藧s,e虨藧s蓯,e虨藧藧藔s,e虨藧藔s蓯,e虨s伞虋,e虨s伞虋,e虨s伞虋蓯,e虨藧藧s伞虋,e虨藧s伞虋蓯,e虨藧藧藔s伞虋,e虨藧藔s伞虋蓯,e虨fd胎,e虨fd胎,e虨fd胎蓯,e虨sd胎,e虨sd胎,e虨sd胎蓯,e虨藧藧sd胎,e虨藧sd胎蓯,e虨藧藧藔sd胎,e虨藧藔sd胎蓯,e虨藧,e虨藧藔,e虨冒虨藔,e虨冒虨藔,e虨冒虨藧藔,e虨藧藔,e虨藧藧,e虨藧藧藔,e虨藧藧,e虨藧蓯,e虨藧藧藔,e虨藧藔蓯,蓻藧,蓻藧藧b胎,蓻藧b胎蓯,蓻藧藧藔b胎,蓻藧藔b胎蓯,蓻藧藧d胎,蓻藧d胎蓯,蓻藧藧藔d胎,蓻藧藔d胎蓯,蓻藧藧伞虋,蓻藧伞虋蓯,蓻藧藧藔伞虋,蓻藧藔伞虋蓯,蓻藧藧f,蓻藧f蓯,蓻藧藧藔f,蓻藧藔f蓯,蓻藧藧s,蓻藧s蓯,蓻藧藧藔s,蓻藧藔s蓯,蓻藧藧s伞虋,蓻藧s伞虋蓯,蓻藧藧藔s伞虋,蓻藧藔s伞虋蓯,蓻藧藧sd胎,蓻藧sd胎蓯,蓻藧藧藔sd胎,蓻藧藔sd胎蓯,蓻藧藔,蓻冒虨藔,蓻冒虨藔,蓻藧藔,蓻藧藧,蓻藧藧藔,蓻藧藧,蓻藧蓯,蓻藧藧藔,蓻藧藔蓯,忙,蕘蓱虉d胎,蕘蓱虉d胎,蕘蓱虉d胎蓯,蕘蓱虉藧藧d胎,蕘蓱虉藧d胎蓯,忙d胎,忙d胎,忙d胎蓯,蕘蓱虉s,蕘蓱虉s,蕘蓱虉s蓯,蕘蓱虉藧藧s,蕘蓱虉藧s蓯,忙s,忙s,忙s蓯,蕘蓱虉fd胎,蕘蓱虉fd胎,蕘蓱虉fd胎蓯,蕘蓱虉sd胎,蕘蓱虉sd胎,蕘蓱虉sd胎蓯,蕘蓱虉藧藧sd胎,蕘蓱虉藧sd胎蓯,忙sd胎,忙sd胎,忙sd胎蓯,蕘蓱虉s伞虋,蕘蓱虉s伞虋,蕘蓱虉s伞虋蓯,蕘蓱虉藧藧s伞虋,蕘蓱虉藧s伞虋蓯,忙s伞虋,忙s伞虋,忙s伞虋蓯,y,y藧,yb胎,yb胎,yb胎蓯,y藧藧b胎,y藧b胎蓯,y藧藧藔b胎,y藧藔b胎蓯,yd胎,yd胎,yd胎蓯,y藧藧d胎,y藧d胎蓯,y藧藧藔d胎,y藧藔d胎蓯,y伞虋,y伞虋,y伞虋蓯,y藧藧伞虋,y藧伞虋蓯,y藧藧藔伞虋,y藧藔伞虋蓯,yf,yf,yf蓯,y藧藧f,y藧f蓯,y藧藧藔f,y藧藔f蓯,ys,ys,ys蓯,y藧藧s,y藧s蓯,y藧藧藔s,y藧藔s蓯,ys伞虋,ys伞虋,ys伞虋蓯,y藧藧s伞虋,y藧s伞虋蓯,y藧藧藔s伞虋,y藧藔s伞虋蓯,yfd胎,yfd胎,yfd胎蓯,ysd胎,ysd胎,ysd胎蓯,y藧藧sd胎,y藧sd胎蓯,y藧藧藔sd胎,y藧藔sd胎蓯,y藧藔,y冒虨藔,y冒虨藔,y冒虨藧藔,y藧藧,y藧藧藔,酶,酶藧,酶b胎,酶b胎,酶b胎蓯,酶藧藧b胎,酶藧b胎蓯,酶藧藧藔b胎,酶藧藔b胎蓯,酶d胎,酶d胎,酶d胎蓯,酶藧藧d胎,酶藧d胎蓯,酶藧藧藔d胎,酶藧藔d胎蓯,酶伞虋,酶伞虋,酶伞虋蓯,酶藧藧伞虋,酶藧伞虋蓯,酶藧藧藔伞虋,酶藧藔伞虋蓯,酶f,酶f,酶f蓯,酶藧藧f,酶藧f蓯,酶藧藧藔f,酶藧藔f蓯,酶s,酶s,酶s蓯,酶藧藧s,酶藧s蓯,酶藧藧藔s,酶藧藔s蓯,酶s伞虋,酶s伞虋,酶s伞虋蓯,酶藧藧s伞虋,酶藧s伞虋蓯,酶藧藧藔s伞虋,酶藧s藔伞虋蓯,酶fd胎,酶fd胎,酶fd胎蓯,酶sd胎,酶sd胎,酶sd胎蓯,酶藧藧sd胎,酶藧sd胎蓯,酶藧藧藔sd胎,酶藧藔sd胎蓯,酶藧,酶藧藔,酶冒虨藔,酶冒虨藔,酶冒虨藧藔,酶藧藔,酶藧藧,酶藧藧藔,酶藧藧,酶藧藧藔,艙虧,艙虧藧,蕘艙虧藧藔,蕘艙虨,蕘艙虨藧,蕘艙虨冒虨藔,蕘艙虨冒虨藔,蕘艙虨冒虨藧藔,蕘艙虨b胎,蕘艙虨b胎,蕘艙虨b胎蓯,蕘艙虨藧藧b胎,蕘艙虨藧b胎蓯,蕘艙虨d胎,蕘艙虨d胎,蕘艙d胎蓯,蕘艙虨藧藧d胎,蕘艙虨藧d胎蓯,蕘艙虨伞虋,蕘艙虨伞虋,蕘艙虨伞虋蓯,蕘艙虨藧藧伞虋,蕘艙虨藧伞虋蓯,蕘艙虨f,蕘艙虨f,蕘艙虨f蓯,蕘艙虨藧藧f,蕘艙虨藧f蓯,蕘艙虨s,蕘艙虨s,蕘艙虨s蓯,蕘艙虨藧藧s,蕘艙虨藧s蓯,蕘艙虨s伞虋,蕘艙虨s伞虋,蕘艙虨s伞虋蓯,蕘艙虨藧藧s伞虋,蕘艙虨藧s伞虋蓯,蕘艙虨fd胎,蕘艙虨fd胎,蕘艙虨fd胎蓯,蕘艙虨sd胎,蕘艙虨sd胎,蕘艙虨sd胎蓯,蕘啥虧,蕘啥虧b胎,蕘啥虧b胎,蕘啥虧b胎蓯,蕘啥虧d胎,蕘啥虧d胎蓯,蕘啥虧伞虋,蕘啥虧伞虋,蕘啥虧伞虋蓯,蕘啥虧f,蕘啥虧f,蕘啥虧f蓯,蕘啥虧s,蕘啥虧s,蕘啥虧s蓯,蕘啥虧s伞虋,蕘啥虧s伞虋,蕘啥虧s伞虋蓯,蕘啥虧fd胎,蕘啥虧fd胎,蕘啥虧fd胎蓯,蕘啥虧sd胎,蕘啥虧sd胎,蕘啥虧sd胎蓯,蓹,蓯,蓯藧藧,蕘蓱虉,蕘蓱虉,蓱虉,蓱虉藧,蓱虉b胎,蓱虉b胎,蓱虉b胎蓯,蓱虉藧藧b胎,蓱虉藧b胎蓯,蓱虉藧藧藔b胎,蓱虉藧藔b胎蓯,蓱虉d胎,蓱虉d胎,蓱虉d胎蓯,蓱虉藧藧d胎,蓱虉藧d胎蓯,蓱虉藧藧藔d胎,蓱虉藧藔d胎蓯,蓱虉伞虋,蓱虉伞虋,蓱虉伞虋蓯,蓱虉藧藧伞虋,蓱虉藧伞虋蓯,蓱虉藧藧藔伞虋,蓱虉藧藔伞虋蓯,蓱虉f,蓱虉f,蓱虉f蓯,蓱虉藧藧f,蓱虉藧f蓯,蓱虉藧藧藔f,蓱虉藧藔f蓯,蓱虉s,蓱虉s,蓱虉s蓯,蓱虉藧藧s,蓱虉藧s蓯,蓱虉藧藧藔s,蓱虉藧藔s蓯,蓱虉s伞虋,蓱虉s伞虋,蓱虉s伞虋蓯,蓱虉藧藧s伞虋,蓱虉藧s伞虋蓯,蓱虉藧藧藔s伞虋,蓱虉藧藔s伞虋蓯,蓱虉fd胎,蓱虉fd胎,蓱虉fd胎蓯,蓱虉sd胎,蓱虉sd胎,蓱虉sd胎蓯,蓱虉藧藧sd胎,蓱虉藧sd胎蓯,蓱虉藧藧藔sd胎,蓱虉藧藔sd胎蓯,蓱虉藧藔,蓱虉冒虨藔,蓱虉冒虨藔,蓱虉冒虨藧藔,蓱虉藧藧,蓱虉藧藧藔,蕦虨虉b胎,蕦虨虉b胎,蕦虨虉b胎蓯,蕦虨虉d胎,蕦虨虉d胎,蕦虨虉d胎蓯,蕦虨虉伞虋,蕦虨虉伞虋,蕦虨虉伞虋蓯,蕦虨虉f,蕦虨虉f,蕦虨虉f蓯,蕦虨虉s,蕦虨虉s,蕦虨虉s蓯,蕦虨虉fd胎,蕦虨虉fd胎,蕦虨虉fd胎蓯,蕦虨虉sd胎,蕦虨虉sd胎,蕦虨虉sd胎蓯,蕦虨虉s伞虋,蕦虨虉s伞虋,蕦虨虉s伞虋蓯,蕦虨虉,u,u藧,ub胎,ub胎,ub胎蓯,u藧藧b胎,u藧b胎蓯,u藧藧藔b胎,u藧藔b胎蓯,ud胎,ud胎,ud胎蓯,u藧藧d胎,u藧d胎蓯,u藧藧藔d胎,u藧藔d胎蓯,u伞虋,u伞虋,u伞虋蓯,u藧藧伞虋,u藧伞虋蓯,u藧藧藔伞虋,u藧藔伞虋蓯,uf,uf,uf蓯,u藧藧f,u藧f蓯,u藧藧藔f,u藧藔f蓯,us,us,us蓯,u藧藧s,u藧s蓯,u藧藧藔s,u藧藔s蓯,us伞虋,us伞虋,us伞虋蓯,u藧藧s伞虋,u藧s伞虋蓯,u藧藧藔s伞虋,u藧藔s伞虋蓯,ufd胎,ufd胎,ufd胎蓯,usd胎,usd胎,usd胎蓯,u藧藧sd胎,u藧sd胎蓯,u藧藧藔sd胎,u藧藔sd胎蓯,u藧藔,u冒虨藔,u冒虨藔,u冒虨藧藔,u藧藧,u藧藧藔,o虧,o虧藧,o虧藧藧b胎,o虧藧b胎蓯,o虧藧藧藔b胎,o虧藧藔b胎蓯,o虧藧藧d胎,o虧藧d胎蓯,o虧藧藧藔d胎,o虧藧藔d胎蓯,o虧藧藧伞虋,o虧藧伞虋蓯,o虧藧藧藔伞虋,o虧藧藔伞虋蓯,o虧藧藧f,o虧藧f蓯,o虧藧藧藔f,o虧藧藔f蓯,o虧藧藧s,o虧藧s蓯,o虧藧藧藔s,o虧藧藔s蓯,o虧藧藧s伞虋,o虧藧s伞虋蓯,o虧藧藧藔s伞虋,o虧藧藔s伞虋蓯,o虧藧藧sd胎,o虧藧sd胎蓯,o虧藧藧藔sd胎,o虧藧藔sd胎蓯,o虧藧藔,o虧冒虨藔,o虧冒虨藔,o虧冒虨藧藔,o虧藧藧,o虧藧藧藔,蓴虧虉,蓴虧虉藧,蓴虧虉b胎,蓴虧虉b胎,蓴虧虉b胎蓯,蓴虧虉藧藧b胎,蓴虧虉藧b胎蓯,蓴虧虉藧藧藔b胎,蓴虧虉藧藔b胎蓯,蓴虧虉d胎,蓴虧虉d胎,蓴虧虉d胎蓯,蓴虧虉藧藧d胎,蓴虧虉藧d胎蓯,蓴虧虉藧藧藔d胎,蓴虧虉藧藔d胎蓯,蓴虧虉伞虋,蓴虧虉伞虋,蓴虧虉伞虋蓯,蓴虧虉藧藧伞虋,蓴虧虉藧伞虋蓯,蓴虧虉藧藧藔伞虋,蓴虧虉藧藔伞虋蓯,蓴虧虉f,蓴虧虉f,蓴虧虉f蓯,蓴虧虉藧藧f,蓴虧虉藧f蓯,蓴虧虉藧藧藔f,蓴虧虉藧藔f蓯,蓴虧虉s,蓴虧虉s,蓴虧虉s蓯,蓴虧虉藧藧s,蓴虧虉藧s蓯,蓴虧虉藧藧藔s,蓴虧虉藧藔s蓯,蓴虧虉s伞虋,蓴虧虉s伞虋,蓴虧虉s伞虋蓯,蓴虧虉藧藧s伞虋,蓴虧虉藧s伞虋蓯,蓴虧虉藧藧藔s伞虋,蓴虧虉藧藔s伞虋蓯,蓴虧虉fd胎,蓴虧虉fd胎,蓴虧虉fd胎蓯,蓴虧虉sd胎,蓴虧虉sd胎,蓴虧虉sd胎蓯,蓴虧虉藧藧sd胎,蓴虧虉藧sd胎蓯,蓴虧虉藧藧藔sd胎,蓴虧虉藧藔sd胎蓯,蓴虧虉藧藔,蓴虧虉冒虨藔,蓴虧虉冒虨藔,蓴虧虉冒虨藧藔,蓴虨,蓴虨藧,蓴虨藧藧b胎,蓴虨藧b胎蓯,蓴虨藧藧藔b胎,蓴虨藧藔b胎蓯,蓴虨藧藧d胎,蓴虨藧d胎蓯,蓴虨藧藧藔d胎,蓴虨藧藔d胎蓯,蓴虨藧藧伞虋,蓴虨藧伞虋蓯,蓴虨藧藧藔伞虋,蓴虨藧藔伞虋蓯,蓴虨藧藧f,蓴虨藧f蓯,蓴虨藧藧藔f,蓴虨藧藔f蓯,蓴虨藧藧s,蓴虨藧s蓯,蓴虨藧藧藔s,蓴虨藧藔s蓯,蓴虨藧藧s伞虋,蓴虨藧s伞虋蓯,蓴虨藧藧藔s伞虋,蓴虨藧藔s伞虋蓯,蓴虨藧藧sd胎,蓴虨藧sd胎蓯,蓴虨藧藧藔sd胎,蓴虨藧藔sd胎蓯,蓴虨藧藔,蓴虨藧藧,蓴虨藧藧藔,iu摊,iu摊藔,iu摊,iu摊,iu摊藔,iu摊藔,iu,iu摊蓯,i蓯摊,i蓯摊藔,i藧蓯,i藧藔蓯,i藧蓯,i藧藔蓯,i蓯摊u摊,i蓯摊u摊,i蓯摊u摊藔,i蓯摊u摊藔,e虧u摊,e虧u摊藔,e虧u摊藔,e虧u摊藔,e虧u摊,e虧u摊,e虧u,e虧u摊蓯,e虧蓯摊,e虧蓯摊藔,e虧藧蓯,e虧藧藔蓯,e虨u摊,e虨u摊藔,e虨u摊藔,e虨u摊藔,e虨u摊,e虨u摊,e虨u,e虨u摊蓯,e虨蓯摊,e虨蓯摊藔,e虨蓯摊藔,e虨藧蓯,e虨藧藔蓯,蓻i摊,蓻u摊藔,蓻u摊藔,蓻u摊,蓻u摊,蓻u,蓻u摊蓯,蓻蓯摊,蓻蓯摊藔,蓻藧蓯,蓻藧藔蓯,蓻蓯摊u摊,蓻蓯摊u摊,蓻蓯摊u摊藔,蓻蓯摊u摊藔,蓻蓯摊u,蓻蓯摊u摊蓯,蓻蓯摊u,蓻蓯摊u摊蓯,yu摊,yu摊藔,yu摊,yu摊,yu摊藔,yu摊藔,yu,yu摊蓯,y蓯摊,y蓯摊藔,y藧蓯,y藧藔蓯,y藧蓯,y藧藔蓯,酶u摊,酶u摊藔,酶u摊藔,酶u摊藔,酶u摊,酶u,酶u摊蓯,酶蓯摊藔,艙虧u摊,艙虧u摊藔,艙虨蓯摊,艙虨蓯摊藔,艙虨藧蓯,艙虨藧蓯,艙藧藔蓯,艙虨蓯摊u摊,艙虨蓯摊u摊,艙虨蓯摊u摊藔,艙虨蓯摊u摊藔,艙虨蓯摊u,艙虨蓯摊u摊蓯,艙虨蓯摊u,艙虨蓯摊u摊蓯,蕘艙虨u摊,蕘艙虨u摊,蕘艙虨u,蕘艙虨u摊蓯,蕘艙虨u,蕘艙虨u摊蓯,蕘啥虧u摊,蕘啥虧u摊,蕘啥虧u摊藔,蕘啥虧u摊藔,蕘啥虧u摊藔,蓱虉i摊,蓱虉i摊藔,蓱虉i,蓱虉i摊蓯,蓱虉u摊,蓱虉u摊藔,蓱虉u,蓱虉u摊蓯,蓱虉u,蓱虉u摊蓯,蓱虉藧u摊,蓱虉藧u摊,蓱虉藧u摊藔,蓱虉藧u摊藔,蓱虉藧u,蓱虉藧u摊蓯,蓱虉藧u,蓱虉藧u摊蓯,ui摊,ui摊藔,ui,ui摊蓯,u蓯摊,u蓯摊藔,u藧蓯,u藧藔蓯,u藧蓯,u藧藔蓯,u蓯摊u摊,u蓯摊u摊,u蓯摊u摊藔,u蓯摊u摊藔,u蓯摊u,u蓯摊u摊蓯,o虧蓯摊,o虧蓯摊藔,o虧蓯摊藔,o虧藧蓯,蓴虧虉u摊,蓴虧虉u摊藔,蓴虧虉u摊藔,蓴虧虉u摊藔,蓴虧虉u摊,蓴虧虉u摊,蓴虧虉u,蓴虧虉u摊蓯,蓴虧虉u,蓴虧虉u摊蓯,蕦虨虉i摊,蕦虨虉i摊藔,蕦虨虉i,蕦虨虉i摊蓯,蓴虨u摊,蓴虨u摊藔,蓴虨u摊,蓴虨u,蓴虨u摊蓯,蓴虨u,蓴虨u摊蓯,蓴虨藧u摊,蓴虨藧u摊,蓴虨藧u摊藔,蓴虨藧u摊藔,蓴虨藧u,蓴虨藧u摊蓯,蓴虨藧u,蓴虨藧u摊蓯
Kopenhagen,,font_IPA,ohneX,藞,藢,藧,藧藔, ,/,[,],.,b胎,p拾,d胎,t刷,伞虋,k拾,v,f,胃,s,j,蓵,h,m,m藔,b胎m泰,mm泰,m藔m泰,m蓹,m蕦,n,n藔,d胎n泰,fn泰,sn泰,冒泰n,冒藔n泰,l泰n,l藔n泰,l蓹n,nn泰,n藔n泰,n蓹,n蕦,n蓹n,艐,艐藔,伞虋艐虓,艐艐虓,艐藔艐虓,艐蓹,艐蕦,l,l藔,b胎l泰,d胎l泰,伞虋l泰,fl泰,sl泰,ml泰,m藔l泰,nl泰,n藔l泰,艐l泰,艐藔l泰,l蓹,l蕦,w,冒,冒藔,蓹冒,冒蓹冒,冒藔蓹冒,冒蓹,冒蕦,冒藔蓹,冒藔蕦,冒蓹冒蓹,晒,蕘,i,ib胎,ib胎蓹,ib胎蕦,id胎,id胎蓹,id胎蕦,i伞虋,i伞虋蓹,i伞虋蕦,if,if蓹,if蕦,is,is蓹,is蕦,is伞虋,is伞虋蓹,is伞虋蕦,ifd胎,ifd胎蓹,ifd胎蕦,isd胎,isd胎蓹,isd胎蕦,i藧,i藧b胎蓹,i藧b胎蕦,i藧藔b胎蓹,i藧藔b胎蕦,i藧d胎蓹,i藧d胎蕦,i藧藔d胎蓹,i藧藔d胎蕦,i藧伞虋蓹,i藧伞虋蕦,i藧藔伞虋蓹,i藧藔伞虋蕦,i藧f蓹,i藧f蕦,i藧藔f蓹,i藧藔f蕦,i藧s蓹,i藧s蕦,i藧藔s蓹,i藧藔s蕦,i藧s伞虋蓹,i藧s伞虋蕦,i藧藔s伞虋蓹,i藧藔s伞虋蕦,i藧sd胎蓹,i藧sd胎蕦,i藧藔sd胎蓹,i藧藔sd胎蕦,i藧藔,i冒藔,i冒藔,i冒藔蓹,i藧蓹,i藧藔蓹,e,e藧,e藧b胎蓹,e藧b胎蕦,eb胎,eb胎蓹,eb胎蕦,e藧藔b胎蓹,e藧藔b胎蕦,e藧d胎蓹,e藧d胎蕦,ed,ed胎蓹,ed胎蕦,e藧藔d胎蓹,e藧藔d胎蕦,e藧伞虋蓹,e藧伞虋蕦,e伞虋,e伞虋蓹,e伞虋蕦,e藧藔伞虋蓹,e藧藔伞虋蕦,ef,ef蓹,ef蕦,e藧f蓹,e藧f蕦,e藧藔f蓹,e藧藔f蕦,es伞虋,es伞虋蓹,es伞虋蕦,e藧s伞虋蓹,e藧s伞虋蕦,e藧藔s伞虋蓹,e藧藔s伞虋蕦,efd胎,efd胎蓹,efd胎蕦,esd胎,esd胎蓹,esd胎蕦,e藧sd胎蓹,e藧sd胎蕦,e藧藔sd胎蓹,e藧藔sd胎蕦,es,es蓹,es蕦,e藧s蓹,e藧s蕦,e藧藔s蓹,e藧藔s蕦,e藧,e藧藔,e冒藔,e冒藔蓹,e冒藔,e藧藔,e藧蓹,e藧藔蓹,e藧蓹,e藧蓯,e藧藔蓹,e藧藔蓯,蓻,蓻藧,蓻b胎,蓻b胎蓹,蓻b胎蕦,蓻藧b胎蓹,蓻藧b胎蕦,蓻藧藔b胎蓹,蓻藧藔b胎蕦,蓻d胎,蓻d胎蓹,蓻d胎蕦,蓻藧d胎蓹,蓻藧d胎蕦,蓻藧藔d胎蓹,蓻藧藔d胎蕦,蓻伞虋,蓻伞虋蓹,蓻伞虋蕦,蓻藧伞虋蓹,蓻藧伞虋蕦,蓻藧藔伞虋蓹,蓻藧藔伞虋蕦,蓻f,蓻f蓹,蓻f蕦,蓻藧f蓹,蓻藧f蕦,蓻藧藔f蓹,蓻藧藔f蕦,蓻s,蓻s蓹,蓻s蕦,蓻藧s蓹,蓻藧s蕦,蓻藧藔s蓹,蓻藧藔s蕦,蓻s伞虋,蓻s伞虋蓹,蓻s伞虋蕦,蓻藧s伞虋蓹,蓻藧s伞虋蕦,蓻藧藔s伞虋蓹,蓻藧藔s伞虋蕦,蓻fd胎,蓻fd胎蓹,蓻fd胎蕦,蓻sd胎,蓻sd胎蓹,蓻sd胎蕦,蓻藧sd胎蓹,蓻藧sd胎蕦,蓻藧藔sd胎蓹,蓻藧藔sd胎蕦,蓻藧,蓻藧藔,蓻冒藔,蓻冒藔,蓻冒藔蓹,蓻藧藔,蓻藧蓹,蓻藧藔蓹,蓻藧蓹,蓻藧蕦,蓻藧藔蓹,蓻藧藔蕦,忙藧,忙藧b胎蓹,忙藧b胎蕦,忙藧藔b胎蓹,忙藧藔b胎蕦,忙藧d胎蓹,忙藧d胎蕦,忙藧藔d胎蓹,忙藧藔d胎蕦,忙藧伞虋蓹,忙藧伞虋蕦,忙藧藔伞虋蓹,忙藧藔伞虋蕦,忙藧f蓹,忙藧f蕦,忙藧藔f蓹,忙藧藔f蕦,忙藧s蓹,忙藧s蕦,忙藧藔s蓹,忙藧藔s蕦,忙藧s伞虋蓹,忙藧s伞虋蕦,忙藧藔s伞虋蓹,忙藧藔s伞虋蕦,忙藧sd胎蓹,忙藧sd胎蕦,忙藧藔sd胎蓹,忙藧藔sd胎蕦,忙藧藔,忙冒藔,忙冒藔,忙藧藔,忙藧蓹,忙藧藔蓹,忙藧蓹,忙藧蓯,忙藧藔蓹,忙藧藔蓯,a,蕘蓱d胎,蕘蓱d胎蓹,蕘蓱d胎蕦,蕘蓱藧d胎蓹,蕘蓱藧d胎蕦,ad胎,ad胎蓹,ad胎蕦,蕘蓱s,蕘蓱s蓹,蕘蓱s蕦,蕘蓱藧s蓹,蕘蓱藧s蕦,as,as蓹,as蕦,蕘蓱fd胎,蕘蓱fd胎蓹,蕘蓱fd胎蕦,蕘蓱sd胎,蕘蓱sd胎蓹,蕘蓱sd胎蕦,蕘蓱藧sd胎蓹,蕘蓱藧sd胎蕦,asd,asd蓹,asd蕦,蕘蓱s伞虋,蕘蓱s伞虋蓹,蕘蓱s伞虋蕦,蕘蓱藧s伞虋蓹,蕘蓱藧s伞虋蕦,as伞,as伞蓹,as伞蕦,y,y藧,yb胎,yb胎蓹,yb胎蓹,y藧b胎蓹,y藧b胎蕦,y藧藔b胎蓹,y藧藔b胎蕦,yd胎,yd胎蓹,yd胎蕦,y藧d胎蓹,y藧d胎蕦,y藧藔d胎蓹,y藧藔d胎蕦,y伞虋,y伞虋蓹,y伞虋蕦,y藧伞虋蓹,y藧伞虋蕦,y藧藔伞虋蓹,y藧藔伞虋蕦,yf,yf蓹,yf蕦,y藧f蓹,y藧f蕦,y藧藔f蓹,y藧藔f蕦,ys,ys蓹,ys蕦,y藧s蓹,y藧s蕦,y藧藔s蓹,y藧藔s蕦,ys伞虋,ys伞虋蓹,ys伞虋蕦,y藧s伞虋蓹,y藧s伞虋蕦,y藧藔s伞虋蓹,y藧藔s伞虋蕦,yfd胎,yfd胎蓹,yfd胎蕦,ysd胎,ysd胎蓹,ysd胎蕦,y藧sd胎蓹,y藧sd胎蕦,y藧藔sd胎蓹,y藧藔sd胎蕦,y藧藔,y冒藔,y冒藔,y冒藔蓹,y藧蓹,y藧藔蓹,酶,酶藧,酶b胎,酶b胎蓹,酶b胎蕦,酶藧b胎蓹,酶藧b胎蕦,酶藧藔b胎蓹,酶藧藔b胎蕦,酶d胎,酶d胎蓹,酶d胎蕦,酶藧d胎蓹,酶藧d胎蕦,酶藧藔d胎蓹,酶藧藔d胎蕦,酶伞虋,酶伞虋蓹,酶伞虋蕦,酶藧伞虋蓹,酶藧伞虋蕦,酶藧藔伞虋蓹,酶藧藔伞虋蕦,酶f,酶f蓹,酶f蕦,酶藧f蓹,酶藧f蕦,酶藧藔f蓹,酶藧藔f蕦,酶s,酶s蓹,酶s蕦,酶藧s蓹,酶藧s蕦,酶藧藔s蓹,酶藧藔s蕦,酶s伞虋,酶s伞虋蓹,酶s伞虋蕦,酶藧s伞虋蓹,酶藧s伞虋蕦,酶藧藔s伞虋蓹,酶藧藔s伞虋蕦,酶fd胎,酶fd胎蓹,酶fd胎蕦,酶sd胎,酶sd胎蓹,酶sd胎蕦,酶藧sd胎蓹,酶藧sd胎蕦,酶藧藔sd胎蓹,酶藧藔sd胎蕦,酶藧,酶藧藔,酶冒藔,酶冒藔,酶冒藔蓹,酶藧藔,酶藧蓹,酶藧藔蓹,酶藧蓹,酶藧藔蓹,艙,艙藧,蕘艙藧藔,蕘艙虨,蕘艙虨藧,蕘艙虨冒藔,蕘艙虨冒藔,蕘艙虨冒藔蓹,蕘艙虨b胎,蕘艙虨b胎蓹,蕘艙虨b胎蕦,蕘艙虨藧b胎蓹,蕘艙虨藧b胎蕦,蕘艙虨d胎,蕘艙虨d胎蓹,蕘艙虨d胎蕦,蕘艙虨藧d胎蓹,蕘艙虨藧d胎蕦,蕘艙虨伞虋,蕘艙虨伞虋蓹,蕘艙虨伞虋蕦,蕘艙虨藧伞虋蓹,蕘艙虨藧伞虋蕦,蕘艙虨f,蕘艙虨f蓹,蕘艙虨f蕦,蕘艙虨藧f蓹,蕘艙虨藧f蕦,蕘艙虨s,蕘艙虨s蓹,蕘艙虨s蕦,蕘艙虨藧s蓹,蕘艙虨藧s蕦,蕘艙虨s伞虋,蕘艙虨s伞虋蓹,蕘艙虨s伞虋蕦,蕘艙虨藧s伞虋蓹,蕘艙虨藧s伞虋蕦,蕘艙虨fd胎,蕘艙虨fd胎蓹,蕘艙虨fd胎蕦,蕘艙虨sd胎,蕘艙虨sd胎蓹,蕘艙虨sd胎蕦,蕘啥,蕘啥b胎,蕘啥b胎蓹,蕘啥b胎蕦,蕘啥d胎蓹,蕘啥d胎蕦,蕘啥伞虋,蕘啥伞虋蓹,蕘啥伞虋蕦,蕘啥f,蕘啥f蓹,蕘啥f蕦,蕘啥s,蕘啥s蓹,蕘啥s蕦,蕘啥s伞虋,蕘啥s伞虋蓹,蕘啥s伞虋蕦,蕘啥fd胎,蕘啥fd胎蓹,蕘啥fd胎蕦,蕘啥sd胎,蕘啥sd胎蓹,蕘啥sd胎蕦,蓹,蕦,蕦蕦,蕘蓱,蕘蓱,蓱,蓱藧,蓱b胎,蓱b胎蓹,蓱b胎蕦,蓱藧b胎蓹,蓱藧b胎蕦,蓱藧藔b胎蓹,蓱藧藔b胎蕦,蓱d胎,蓱d胎蓹,蓱d胎蕦,蓱藧d胎蓹,蓱藧d胎蕦,蓱藧藔d胎蓹,蓱藧藔d胎蕦,蓱伞虋,蓱伞虋蓹,蓱伞虋蕦,蓱藧伞虋蓹,蓱藧伞虋蕦,蓱藧藔伞虋蓹,蓱藧藔伞虋蕦,蓱f,蓱f蓹,蓱f蕦,蓱藧f蓹,蓱藧f蕦,蓱藧藔f蓹,蓱藧藔f蕦,蓱s,蓱s蓹,蓱s蕦,蓱藧s蓹,蓱藧s蕦,蓱藧藔s蓹,蓱藧藔s蕦,蓱s伞虋,蓱s伞虋蓹,蓱s伞虋蕦,蓱藧s伞虋蓹,蓱藧s伞虋蕦,蓱藧藔s伞虋蓹,蓱藧藔s伞虋蕦,蓱fd胎,蓱fd胎蓹,蓱fd胎蕦,蓱sd胎,蓱sd胎蓹,蓱sd胎蕦,蓱藧sd胎蓹,蓱藧sd胎蕦,蓱藧藔sd胎蓹,蓱藧藔sd胎蕦,蓱藧藔,蓱冒藔,蓱冒藔,蓱冒藔蓹,蓱藧蓱,蓱藧藔蓱,蕦b胎,蕦b胎蓹,蕦b胎蕦,蕦d胎,蕦d胎蓹,蕦d胎蕦,蕦伞虋,蕦伞虋蓹,蕦伞虋蕦,蕦f,蕦f蓹,蕦f蕦,蕦s,蕦s蓹,蕦s蕦,蕦fd胎,蕦fd胎蓹,蕦fd胎蕦,蕦sd胎,蕦sd胎蓹,蕦sd胎蕦,蕦s伞虋,蕦s伞虋蓹,蕦s伞虋蕦,蕦,u,u藧,ub胎,ub胎蓹,ub胎蕦,u藧b胎蓹,u藧b胎蕦,u藧藔b胎蓹,u藧藔b胎蕦,ud胎,ud胎蓹,ud胎蕦,u藧d胎蓹,u藧d胎蕦,u藧藔d胎蓹,u藧藔d胎蕦,u伞虋,u伞虋蓹,u伞虋蕦,u藧伞虋蓹,u藧伞虋蕦,u藧藔伞虋蓹,u藧藔伞虋蕦,uf,uf蓹,uf蕦,u藧f蓹,u藧f蕦,u藧藔f蓹,u藧藔f蕦,us,us蓹,us蕦,u藧s蓹,u藧s蕦,u藧藔s蓹,u藧藔s蕦,us伞虋,us伞虋蓹,us伞虋蕦,u藧s伞虋蓹,u藧s伞虋蕦,u藧藔s伞虋蓹,u藧藔s伞虋蕦,ufd胎,ufd胎蓹,ufd胎蕦,usd胎,usd胎蓹,usd胎蕦,u藧sd胎蓹,u藧sd胎蕦,u藧藔sd胎蓹,u藧藔sd胎蕦,u藧藔,u冒藔,u冒藔,u冒藔蓹,u藧蓹,u藧藔蓹,o,o藧,o藧b胎蓹,o藧b胎蕦,o藧藔b胎蓹,o藧藔b胎蕦,o藧d胎蓹,o藧d胎蕦,o藧藔d胎蓹,o藧藔d胎蕦,o藧伞虋蓹,o藧伞虋蕦,o藧藔伞虋蓹,o藧藔伞虋蕦,o藧f蓹,o藧f蕦,o藧藔f蓹,o藧藔f蕦,o藧s蓹,o藧s蕦,o藧藔s蓹,o藧藔s蕦,o藧s伞虋蓹,o藧s伞虋蕦,o藧藔s伞虋蓹,o藧藔s伞虋蕦,o藧sd胎蓹,o藧sd胎蕦,o藧藔sd胎蓹,o藧藔sd胎蕦,o藧藔,o冒藔,o冒藔,o冒藔蓹,o藧蓹,o藧藔蓹,蓴,蓴藧,蓴b胎,蓴b胎蓹,蓴b胎蕦,蓴藧b胎蓹,蓴藧b胎蕦,蓴藧藔b胎蓹,蓴藧藔b胎蕦,蓴d胎,蓴d胎蓹,蓴d胎蕦,蓴藧d胎蓹,蓴藧d胎蕦,蓴藧藔d胎蓹,蓴藧藔d胎蕦,蓴伞虋,蓴伞虋蓹,蓴伞虋蕦,蓴藧伞虋蓹,蓴藧伞虋蕦,蓴藧藔伞虋蓹,蓴藧藔伞虋蕦,蓴f,蓴f蓹,蓴f蕦,蓴藧f蓹,蓴藧f蕦,蓴藧藔f蓹,蓴藧藔f蕦,蓴s,蓴s蓹,蓴s蕦,蓴藧s蓹,蓴藧s蕦,蓴藧藔s蓹,蓴藧藔s蕦,蓴s伞虋,蓴s伞虋蓹,蓴s伞虋蕦,蓴藧s伞虋蓹,蓴藧s伞虋蕦,蓴藧藔s伞虋蓹,蓴藧藔s伞虋蕦,蓴fd胎,蓴fd胎蓹,蓴fd胎蕦,蓴sd胎,蓴sd胎蓹,蓴sd胎蕦,蓴藧sd胎蓹,蓴藧sd胎蕦,蓴藧藔sd胎蓹,蓴藧藔sd胎蕦,蓴藧藔,蓴冒藔,蓴冒藔,蓴冒藔蓹,蓲,蓲藧,蓲藧b胎蓹,蓲藧b胎蕦,蓲藧藔b胎蓹,蓲藧藔b胎蕦,蓲藧d胎蓹,蓲藧d胎蕦,蓲藧藔d胎蓹,蓲藧藔d胎蕦,蓲藧伞虋蓹,蓲藧伞虋蕦,蓲藧藔伞虋蓹,蓲藧藔伞虋蕦,蓲藧f蓹,蓲藧f蕦,蓲藧藔f蓹,蓲藧藔f蕦,蓲藧s蓹,蓲藧s蕦,蓲藧藔s蓹,蓲藧藔s蕦,蓲藧s伞虋蓹,蓲藧s伞虋蕦,蓲藧藔s伞虋蓹,蓲藧藔s伞虋蕦,蓲藧sd胎蓹,蓲藧sd胎蕦,蓲藧藔sd胎蓹,蓲藧藔sd胎蕦,蓲藧藔,蓲藧蓲,蓲藧藔蓲,iw,iw藔,iw,iw,iw藔,iw藔,i藧w蓹,i藧w蕦,i蓯摊,i蓯摊藔,i蓯摊蓯,i蓯摊藔蓯,i藧蓯,i藧藔蓯,i蓯摊w,i蓯摊w,i蓯摊藔w,i蓯摊藔w,ew,ew藔,ew藔,ew藔,ew,ew,e藧w蓹,e藧w蕦,e蓯摊,e蓯摊藔,e藧蓯,e藧藔蓯,蓻w,蓻w藔,蓻w藔,蓻w藔,蓻w,蓻w,蓻藧w蓹,蓻藧w蕦,蓻蓯摊,蓻蓯摊藔,蓻蓯摊藔,蓻藧蓯,蓻藧藔蓯,蓻j,忙w藔,忙w藔,忙w,忙w,忙藧w蓹,忙藧w蕦,忙蓯摊,忙蓯摊藔,忙蓯摊蓯,忙蓯摊藔蓯,忙蓯摊w,忙蓯摊w,忙蓯摊藔w,忙蓯摊藔w,忙蓯摊w蓹,忙蓯摊w蕦,忙蓯摊w蓹,忙蓯摊w蕦,yw,yw藔,yw,yw,yw藔,yw藔,y藧w蓹,y藧w蕦,y蓯摊,y蓯摊藔,y蓯摊蓯,y蓯摊藔蓯,y藧蓯,y藧藔蓯,酶w,酶w藔,酶w藔,酶w藔,酶w,酶藧w蓹,酶藧w蕦,酶蓯摊藔,艙w,艙w藔,艙虨蓯摊,艙虨蓯摊藔,艙虨藧蓯,艙虨蓯摊蓯,艙虨蓯摊藔蓯,艙虨蓯摊w,艙虨蓯摊w,艙虨蓯摊藔w,艙虨蓯摊藔w,艙虨蓯摊w蓹,艙虨蓯摊w蕦,艙虨蓯摊w蓹,艙虨蓯摊w蕦,蕘艙虨藧w,蕘艙虨藧w,蕘艙虨藧w蓹,蕘艙虨藧w蕦,蕘艙虨藧w蓹,蕘艙虨藧w蕦,蕘啥w,蕘啥w,蕘啥w藔,蕘啥w藔,蕘啥w藔,蓱j,蓱j藔,蓱j蓹,蓱j蕦,蓱w,蓱w藔,蓱w蓹,蓱w蕦,蓱w蓹,蓱w蕦,蓱藧w,蓱藧w,蓱藧w藔,蓱藧w藔,蓱藧w蓹,蓱藧w蕦,蓱藧w蓹,蓱藧w蕦,uj,uj藔,uj蓹,uj蕦,u蓯摊,u蓯摊藔,u蓯摊蓯,u蓯摊藔蓯,u藧蓯,u藧藔蓯,u蓯摊w,u蓯摊w,u蓯摊藔w,u蓯摊藔w,u蓯摊w蓹,u蓯摊w蕦,o蓯摊,o蓯摊藔,o蓯摊藔,o藧蓯,蓴w,蓴w藔,蓴w藔,蓴w藔,蓴w,蓴w,蓴藧w蓹,蓴藧w蕦,蓴藧w蓹,蓴藧w蕦,蕦j,蕦j藔,蕦j蓹,蕦j蕦,蓲w,蓲w藔,蓲w,蓲w蓹,蓲w蕦,蓲w蓹,蓲w蕦,蓲藧w,蓲藧w,蓲藧w藔,蓲藧w藔,蓲藧w蓹,蓲藧w蕦,蓲藧w蓹,蓲藧w蕦
Kopenhagen,SchwaTilgung,font_IPA,ohneX,藞,藢,藧,藧藔, ,/,[,],.,b胎,p拾,d胎,t刷,伞虋,k拾,v,f,胃,s,j,蓵,h,m,m藔,b胎m泰,mm泰,m藔m泰,mm泰,m蕦,n,n藔,d胎n泰,fn泰,sn泰,冒泰n,冒藔n泰,l泰n,l藔n泰,l蓹n,nn泰,n藔n泰,nn泰,n蕦,n蓹n,艐,艐藔,伞虋艐虓,艐艐虓,艐藔艐虓,艐艐虓,艐蕦,l,l藔,b胎l泰,d胎l泰,伞虋l泰,fl泰,sl泰,ml泰,m藔l泰,nl泰,n藔l泰,艐l泰,艐藔l泰,ll泰,l蕦,w,冒,冒藔,冒泰,冒冒泰,冒藔冒泰,冒冒泰,冒蕦,冒藔冒泰,冒藔蕦,冒泰冒泰,晒,蕘,i,ib胎,ib胎,ib胎蕦,id胎,id胎,id胎蕦,i伞虋,i伞虋,i伞虋蕦,if,if,if蕦,is,is,is蕦,is伞虋,is伞虋,is伞虋蕦,ifd胎,ifd胎,ifd胎蕦,isd胎,isd胎,isd胎蕦,i藧,i藧ib胎,i藧b胎蕦,i藧藔ib胎,i藧藔b胎蕦,i藧id胎,i藧d胎蕦,i藧藔id胎,i藧藔d胎蕦,i藧i伞虋,i藧伞虋蕦,i藧藔i伞虋,i藧藔伞虋蕦,i藧if,i藧f蕦,i藧藔if,i藧藔f蕦,i藧is,i藧s蕦,i藧藔is,i藧藔s蕦,i藧is伞虋,i藧s伞虋蕦,i藧藔is伞虋,i藧藔s伞虋蕦,i藧isd胎,i藧sd胎蕦,i藧藔isd胎,i藧藔sd胎蕦,i藧藔,i冒藔,i冒藔,i冒藔冒泰,i藧i,i藧藔i,e,e藧,e藧eb胎,e藧b胎蕦,eb胎,eb胎,eb胎蕦,e藧藔eb胎,e藧藔b胎蕦,e藧ed胎,e藧d胎蕦,ed胎,ed胎,ed胎蕦,e藧藔ed胎,e藧藔d胎蕦,e藧e伞虋,e藧伞虋蕦,e伞虋,e伞虋,e伞虋蕦,e藧藔e伞虋,e藧藔伞虋蕦,ef,ef,ef蕦,e藧ef,e藧f蕦,e藧藔ef,e藧藔f蕦,es伞虋,es伞虋,es伞虋蕦,e藧es伞虋,e藧s伞虋蕦,e藧藔es伞虋,e藧藔s伞虋蕦,efd胎,efd胎,efd胎蕦,esd胎,esd胎,esd胎蕦,e藧esd胎,e藧sd胎蕦,e藧藔esd胎,e藧藔sd胎蕦,es,es,es蕦,e藧es,e藧s蕦,e藧藔es,e藧藔s蕦,e藧,e藧藔,e冒藔,e冒藔冒泰,e冒藔,e藧藔,e藧e,e藧藔e,e藧e,e藧蓯,e藧藔e,e藧藔蓯,蓻,蓻藧,蓻b胎,蓻b胎,蓻b胎蕦,蓻藧蓻b胎,蓻藧b胎蕦,蓻藧藔蓻b胎,蓻藧藔b胎蕦,蓻d胎,蓻d胎,蓻d胎蕦,蓻藧蓻d胎,蓻藧d胎蕦,蓻藧藔蓻d胎,蓻藧藔d胎蕦,蓻伞虋,蓻伞虋,蓻伞虋蕦,蓻藧蓻伞虋,蓻藧伞虋蕦,蓻藧藔蓻伞虋,蓻藧藔伞虋蕦,蓻f,蓻f,蓻f蕦,蓻藧蓻f,蓻藧f蕦,蓻藧藔蓻f,蓻藧藔f蕦,蓻s,蓻s,蓻s蕦,蓻藧蓻s,蓻藧s蕦,蓻藧藔蓻s,蓻藧藔s蕦,蓻s伞虋,蓻s伞虋,蓻s伞虋蕦,蓻藧蓻s伞虋,蓻藧s伞虋蕦,蓻藧藔蓻s伞虋,蓻藧藔s伞虋蕦,蓻fd胎,蓻fd胎,蓻fd胎蕦,蓻sd胎,蓻sd胎,蓻sd胎蕦,蓻藧蓻sd胎,蓻藧sd胎蕦,蓻藧藔蓻sd胎,蓻藧藔sd胎蕦,蓻藧,蓻藧藔,蓻冒藔,蓻冒藔,蓻藔冒泰,蓻藧藔,蓻藧蓻,蓻藧藔蓻,蓻藧蓻,蓻藧蕦,蓻藧藔蓻,蓻藧藔蕦,忙藧,忙藧忙b胎,忙藧b胎蕦,忙藧藔忙b胎,忙藧藔b胎蕦,忙藧忙d胎,忙藧d胎蕦,忙藧藔忙d胎,忙藧藔d胎蕦,忙藧忙伞虋,忙藧伞虋蕦,忙藧藔忙伞虋,忙藧藔伞虋蕦,蓻藧蓻f,蓻藧f蕦,蓻藧藔蓻f,忙藧藔f蕦,忙藧忙s,忙藧s蕦,忙藧藔忙s,忙藧藔s蕦,忙藧忙s伞虋,忙藧s伞虋蕦,忙藧藔忙s伞虋,忙藧藔s伞虋蕦,忙藧忙sd胎,忙藧sd胎蕦,忙藧藔忙sd胎,忙藧藔sd胎蕦,忙藧藔,忙冒藔,忙冒藔,忙藧藔,忙藧忙,忙藧藔忙,忙藧忙,忙藧蓯,忙藧藔忙,忙藧藔蓯,a,蕘蓱d胎,蕘蓱d胎,蕘蓱d胎蕦,蕘蓱藧蓱d胎,蕘蓱藧d胎蕦,ad胎,ad胎,ad胎蕦,蕘蓱s,蕘蓱s,蕘蓱s蕦,蕘蓱藧蓱s,蕘蓱藧s蕦,as,as,as蕦,蕘蓱fd胎,蕘蓱fd胎,蕘蓱fd胎蕦,蕘蓱sd胎,蕘蓱sd胎,蕘蓱sd胎蕦,蕘蓱藧蓱sd胎,蕘蓱藧sd胎蕦,asd,asd,asd蕦,蕘蓱s伞虋,蕘蓱s伞虋,蕘蓱s伞虋蕦,蕘蓱藧蓱s伞虋,蕘蓱藧s伞虋蕦,as伞,as伞,as伞蕦,y,y藧,yb胎,yb胎,yb胎,y藧yb胎,y藧b胎蕦,y藧藔yb胎,y藧藔b胎蕦,yd胎,yd胎,yd胎蕦,y藧yd胎,y藧d胎蕦,y藧藔yd胎,y藧藔d胎蕦,y伞虋,y伞虋,y伞虋蕦,y藧y伞虋,y藧伞虋蕦,y藧藔y伞虋,y藧藔伞虋蕦,yf,yf,yf蕦,y藧yf,y藧f蕦,y藧藔yf,y藧藔f蕦,ys,yys,ys蕦,y藧ys,y藧s蕦,y藧藔ys,y藧藔s蕦,ys伞虋,ys伞虋,ys伞虋蕦,y藧ys伞虋,y藧y伞虋蕦,y藧藔ys伞虋,y藧藔s伞虋蕦,yfd胎,yfd胎,yfd胎蕦,ysd胎,ysd胎,ysd胎蕦,y藧ysd胎,y藧sd胎蕦,y藧藔ysd胎,y藔sd蕦,y藧藔,y冒藔,y冒藔,y冒藔冒泰,y藧y,y藧藔y,酶,酶藧,酶b胎,酶b胎,酶b胎蕦,酶藧酶b胎,酶藧b胎蕦,酶藧藔酶b胎,酶藧藔b胎蕦,酶d胎,酶d胎,酶d胎蕦,酶藧酶d胎,酶藧d胎蕦,酶藧藔酶d胎,酶藧藔d胎蕦,酶伞虋,酶伞虋,酶伞虋蕦,酶藧酶伞虋,酶藧伞虋蕦,酶藧藔酶伞虋,酶藧藔伞虋蕦,酶f,酶f,酶f蕦,酶藧酶f,酶藧f蕦,酶藧藔酶f,酶藧藔f蕦,酶s,酶s,酶s蕦,酶藧酶s,酶藧s蕦,酶藧藔酶s,酶藧藔s蕦,酶s伞虋,酶s伞虋,酶s伞虋蕦,酶藧酶s伞虋,酶藧s伞虋蕦,酶藧藔酶s伞虋,酶藧藔s伞虋蕦,酶fd胎,酶fd胎,酶fd胎蕦,酶sd胎,酶sd胎,酶sd胎蕦,酶藧酶sd胎,酶藧sd胎蕦,酶藧藔酶sd胎,酶藧藔sd胎蕦,酶藧,酶藧藔,酶冒藔,酶冒藔,酶冒藔冒泰,酶藧藔,酶藧酶,酶藧藔酶,酶藧酶,酶藧藔酶,艙,艙藧,蕘艙藧藔,蕘艙虨,蕘艙虨藧,蕘艙虨冒藔,蕘艙虨冒藔,蕘艙虨冒藔冒泰,蕘艙虨b胎,蕘艙虨b胎,蕘艙虨b胎蕦,蕘艙虨藧艙虨b胎,蕘艙虨藧b胎蕦,蕘艙虨d胎,蕘艙虨d胎,蕘艙虨d胎蕦,蕘艙虨藧艙虨d胎,蕘艙虨藧d胎蕦,蕘艙虨伞虋,蕘艙虨伞虋,蕘艙虨伞虋蕦,蕘艙虨藧艙虨伞虋,蕘艙虨藧伞虋蕦,蕘艙虨f,蕘艙虨f,蕘艙虨f蕦,蕘艙虨藧艙虨f,蕘艙虨藧f蕦,蕘艙s,蕘艙s,蕘艙虨s蕦,蕘艙虨藧艙虨s,蕘艙虨藧s蕦,蕘艙虨s伞虋,蕘艙虨s伞虋,蕘艙虨s伞虋蕦,蕘艙虨藧艙虨s伞虋,蕘艙虨藧s伞虋蕦,蕘艙虨fd胎,蕘艙虨fd胎,蕘艙虨fd胎蕦,蕘艙虨sd胎,蕘艙虨sd胎,蕘艙虨sd胎蕦,蕘啥,蕘啥b胎,蕘啥b胎,蕘啥b胎蕦,蕘啥d胎,蕘啥d胎蕦,蕘啥伞虋,蕘啥伞虋,蕘啥伞虋蕦,蕘啥f,蕘啥f,蕘啥f蕦,蕘啥s,蕘啥s,蕘啥s蕦,蕘啥s伞虋,蕘啥s伞虋,蕘啥s伞虋蕦,蕘啥fd胎,蕘啥fd胎,蕘啥fd胎蕦,蕘啥sd胎,蕘啥sd胎,蕘啥sd胎蕦,蓹,蕦,蕦蕦,蕘蓱,蕘蓱,蓱,蓱藧,蓱b胎,蓱b胎,蓱b胎蕦,蓱藧蓱b胎,蓱藧b胎蕦,蓱藧藔蓱b胎,蓱藧藔b胎蕦,蓱d胎,蓱d胎,蓱d胎蕦,蓱藧蓱d胎,蓱藧d胎蕦,蓱藧藔蓱d胎,蓱藧藔d胎蕦,蓱伞虋,蓱伞虋,蓱伞虋蕦,蓱藧蓱伞虋,蓱藧伞虋蕦,蓱藧藔蓱伞虋,蓱藧藔伞虋蕦,蓱f,蓱f,蓱f蕦,蓱藧蓱f,蓱藧f蕦,蓱藧藔蓱f,蓱藧藔f蕦,蓱s,蓱s,蓱s蕦,蓱藧蓱s,蓱藧s蕦,蓱藧藔蓱s,蓱藧藔s蕦,蓱s伞虋,蓱s伞虋,蓱s伞虋蕦,蓱藧蓱s伞虋,蓱藧s伞虋蕦,蓱藧藔蓱s伞虋,蓱藧藔s伞虋蕦,蓱fd胎,蓱fd胎,蓱fd胎蕦,蓱sd胎,蓱sd胎,蓱sd胎蕦,蓱藧蓱sd胎,蓱藧sd胎蕦,蓱藧藔蓱sd胎,蓱藧藔sd胎蕦,蓱藧藔,蓱冒藔,蓱冒藔,蓱冒藔冒泰,蓱藧蓱,蓱藧藔蓱,蕦b胎,蕦b胎,蕦b胎蕦,蕦d胎,蕦d胎,蕦d胎蕦,蕦伞虋,蕦伞虋,蕦伞虋蕦,蕦f,蕦f,蕦f蕦,蕦s,蕦s,蕦s蕦,蕦fd胎,蕦fd胎,蕦fd胎蕦,蕦sd胎,蕦sd胎,蕦sd胎蕦,蕦s伞虋,蕦s伞虋,蕦s伞虋蕦,蕦,u,u藧,ub胎,ub胎,ub胎蕦,u藧ub胎,u藧b胎蕦,u藧藔ub胎,u藧藔b胎蕦,ud胎,ud胎,ud胎蕦,u藧ud胎,u藧d胎蕦,u藧藔ud胎,u藧藔d胎蕦,u伞虋,u伞虋,u伞虋蕦,u藧u伞虋,u藧伞虋蕦,u藧藔u伞虋,u藧藔伞虋蕦,uf,uf,uf蕦,u藧uf,u藧f蕦,u藧藔uf,u藧藔f蕦,us,us,us蕦,u藧us,u藧s蕦,u藧藔us,u藧藔s蕦,us伞虋,us伞虋,us伞虋蕦,u藧us伞虋,u藧s伞虋蕦,u藧藔us伞虋,u藧藔s伞虋蕦,ufd胎,ufd胎,ufd胎蕦,usd胎,usd胎,usd胎蕦,u藧usd胎,u藧sd胎蕦,u藧藔usd胎,u藧藔sd胎蕦,u藧藔,u冒藔,u冒藔,u冒藔冒泰,u藧u,u藧藔u,o,o藧,o藧ob胎,o藧b胎蕦,o藧藔ob胎,o藧藔b胎蕦,o藧od胎,o藧d胎蕦,o藧藔od胎,o藧藔d胎蕦,o藧o伞虋,o藧伞虋蕦,o藧藔o伞虋,o藧藔伞虋蕦,o藧of,o藧f蕦,o藧藔of,o藧藔f蕦,o藧os,o藧s蕦,o藧藔os,o藧藔s蕦,o藧os伞虋,o藧s伞虋蕦,o藧藔os伞虋,o藧藔s伞虋蕦,o藧osd胎,o藧sd胎蕦,o藧藔osd胎,o藧藔sd胎蕦,o藧藔,o冒藔,o冒藔,o冒藔冒泰,o藧o,o藧藔o,蓴,蓴藧,蓴b胎,蓴b胎,蓴b胎蕦,蓴藧蓴b胎,蓴藧b胎蕦,蓴藧藔蓴b胎,蓴藧藔b胎蕦,蓴d胎,蓴d胎,蓴d胎蕦,蓴藧蓴d胎,蓴藧d胎蕦,蓴藧藔蓴d胎,蓴藧藔d胎蕦,蓴伞虋,蓴伞虋,蓴伞虋蕦,蓴藧蓴伞虋,蓴藧伞虋蕦,蓴藧藔蓴伞虋,蓴藧藔伞虋蕦,蓴f,蓴f,蓴f蕦,蓴藧蓴f,蓴藧f蕦,蓴藧藔蓴f,蓴藧藔f蕦,蓴s,蓴s,蓴s蕦,蓴藧蓴s,蓴藧s蕦,蓴藧藔蓴s,蓴藧藔s蕦,蓴s伞虋,蓴s伞虋,蓴s伞虋蕦,蓴藧蓴s伞虋,蓴藧s伞虋蕦,蓴藧藔蓴s伞虋,蓴藧藔s伞虋蕦,蓴fd胎,蓴fd胎,蓴fd胎蕦,蓴sd胎,蓴sd胎,蓴sd胎蕦,蓴藧蓴sd胎,蓴藧sd胎蕦,蓴藧藔蓴sd胎,蓴藧藔sd胎蕦,蓴藧藔,蓴冒藔,蓴冒藔,蓴冒藔冒泰,蓲,蓲藧,蓲藧蓲b胎,蓲藧b胎蕦,蓲藧藔蓲b胎,蓲藧藔b胎蕦,蓲藧蓲d胎,蓲藧d胎蕦,蓲藧藔蓲d胎,蓲藧藔d胎蕦,蓲藧蓲伞虋,蓲藧伞虋蕦,蓲藧藔蓲伞虋,蓲藧藔伞虋蕦,蓲藧蓲f,蓲藧f蕦,蓲藧藔蓲f,蓲藧藔f蕦,蓲藧蓲s,蓲藧s蕦,蓲藧藔蓲s,蓲藧藔s蕦,蓲藧蓲s伞虋,蓲藧s伞虋蕦,蓲藧藔蓲s伞虋,蓲藧藔s伞虋蕦,蓲藧蓲sd胎,蓲藧sd胎蕦,蓲藧藔蓲sd胎,蓲藧藔sd胎蕦,蓲藧藔,蓲藧蓲,蓲藧藔蓲,iw,iw藔,iw,iw,iw藔,iw藔,i藧蕣,i藧w蕦,i蓯摊,i蓯摊藔,i蓯摊蓯,i蓯摊藔蓯,i藧蓯,i藧藔蓯,i蓯摊w,i蓯摊w,i蓯摊藔w,i蓯摊藔w,ew,ew藔,ew藔,ew藔,ew,ew,e藧蕣,e藧w蕦,e蓯摊,e蓯摊藔,e藧蓯,e藧藔蓯,蓻w,蓻w藔,蓻w藔,蓻w藔,蓻w,蓻w,蓻藧蕣,蓻藧w蕦,蓻蓯摊,蓻蓯摊藔,蓻蓯摊藔,蓻藧蓯,蓻藧藔蓯,蓻j,忙w藔,忙w藔,忙w,忙w,忙藧蕣,忙藧w蕦,忙蓯摊,忙蓯摊藔,忙蓯摊蓯,忙蓯摊藔蓯,忙蓯摊w,忙蓯摊w,忙蓯摊藔w,忙蓯摊藔w,忙蓯摊蕣,忙蓯摊w蕦,忙蓯摊蕣,忙蓯摊w蕦,yw,yw藔,yw,yw,yw藔,yw藔,y藧蕣,y藧w蕦,y蓯摊,y蓯摊藔,y蓯摊蓯,y蓯摊藔蓯,y藧蓯,y藧藔蓯,酶w,酶w藔,酶w藔,酶w藔,酶w,酶藧蕣,酶藧w蕦,酶蓯摊藔,艙w,艙w藔,艙虨蓯摊,艙虨蓯摊藔,艙虨藧蓯,艙虨蓯摊蓯,艙虨蓯摊藔蓯,艙虨蓯摊w,艙虨蓯摊w,艙虨蓯摊藔w,艙虨蓯摊藔w,艙虨蓯摊蕣,艙虨蓯摊w蕦,艙虨蓯摊蕣,艙虨蓯摊w蕦,蕘艙虨藧w,蕘艙虨藧w,蕘艙虨藧蕣,蕘艙虨藧w蕦,蕘艙虨藧蕣,蕘艙虨藧w蕦,蕘啥w,蕘啥w,蕘啥w藔,蕘啥w藔,蕘啥w藔,蓱j,蓱j藔,蓱瑟,蓱j蕦,蓱w,蓱w藔,蓱蕣,蓱w蕦,蓱蕣,蓱w蕦,蓱藧w,蓱藧w,蓱藧w藔,蓱藧w藔,蓱藧蕣,蓱藧w蕦,蓱藧蕣,蓱藧w蕦,uj,uj藔,u瑟,uj蕦,u蓯摊,u蓯摊藔,u蓯摊蓯,u蓯摊藔蓯,u藧蓯,u藧藔蓯,u蓯摊w,u蓯摊w,u蓯摊藔w,u蓯摊藔w,u蓯摊蕣,u蓯摊w蕦,o蓯摊,o蓯摊藔,o蓯摊藔,o藧蓯,蓴w,蓴w藔,蓴w藔,蓴w藔,蓴w,蓴w,蓴藧蕣,蓴藧w蕦,蓴藧蕣,蓴藧w蕦,蕦j,蕦j藔,蕦瑟,蕦j蕦,蓲w,蓲w藔,蓲w,蓲蕣,蓲w蕦,蓲蕣,蓲w蕦,蓲藧w,蓲藧w,蓲藧w藔,蓲藧w藔,蓲藧蕣,蓲藧w蕦,蓲藧蕣,蓲藧w蕦
DDO,,var(--font_DDO),ohneX,藞,藢,藧,藔, ,/,[,],.,b,p,d,t,g,k,v,f,胃,s,j,蓵,h,m,m藔,b蓹n,m蓹n,m藔蓹n,m蓹,m蕦,n,n藔,d蓹n,f蓹n,s蓹n,冒蓹n,冒藔蓹n,l蓹n,l藔蓹n,l蓹n,n蓹n,n藔蓹n,n蓹,n蕦,n蓹n,艐,艐藔,g蓹n,艐蓹n,艐藔蓹艐,艐蓹,艐蕦,l,l藔,b蓹l,d蓹l,g蓹l,f蓹l,s蓹l,m蓹l,m藔蓹l,n蓹l,n藔蓹l,艐蓹l,艐藔蓹l,l蓹,l蕦,w,冒,冒藔,蓹冒,冒蓹冒,冒藔蓹冒,冒蓹,冒蕦,冒藔蓹,冒藔蕦,冒蓹冒蓹,晒,蕘,i,ib,ib蓹,ib蕦,id,id蓹,id蕦,ig,ig蓹,ig蕦,if,if蓹,if蕦,is,is蓹,is蕦,isg,isg蓹,isg蕦,ifd,ifd蓹,ifd蕦,isd,isd蓹,isd蕦,i藧,i藧b蓹,i藧b蕦,i藔b蓹,i藔b蕦,i藧d蓹,i藧d蕦,i藔d蓹,i藔d蕦,i藧g蓹,i藧g蕦,i藔g蓹,i藔g蕦,i藧f蓹,i藧f蕦,i藔f蓹,i藔f蕦,i藧s蓹,i藧s蕦,i藔s蓹,i藔s蕦,i藧sg蓹,i藧sg蕦,i藔sg蓹,i藔sg蕦,i藧sd蓹,i藧sd蕦,i藔sd蓹,i藔sd蕦,i藔,i藔冒,i冒藔,i冒藔蓹,i藧蓹,i藔蓹,e,e藧,e藧b蓹,e藧b蕦,eb,eb蓹,eb蕦,e藔b蓹,e藔b蕦,e藧d蓹,e藧d蕦,ed,ed蓹,ed蕦,e藔d蓹,e藔d蕦,e藧g蓹,e藧g蕦,eg,eg蓹,eg蕦,e藔g蓹,e藔g蕦,ef,ef蓹,ef蕦,e藧f蓹,e藧f蕦,e藔f蓹,e藔f蕦,esg,esg蓹,esg蕦,e藧sg蓹,e藧sg蕦,e藔sg蓹,e藔sg蕦,efd,efd蓹,efd蕦,esd,esd蓹,esd蕦,e藧sd蓹,e藧sd蕦,e藔sd蓹,e藧藔sd蕦,es,es蓹,es蕦,e藧s蓹,e藧s蕦,e藔s蓹,e藔s蕦,e藧j,e藔,e藔冒,e冒藔蓹,e冒藔,e藔j,e藧蓹,e藔蓹,e藧j蓹,e藧j蕦,e藔j蓹,e藔j蕦,蔚,蔚藧,蔚b,蔚b蓹,蔚b蕦,蔚藧b蓹,蔚藧b蕦,蔚藔b蓹,蔚藔b蕦,蔚d,蔚d蓹,蔚d蕦,蔚藧d蓹,蔚藧d蕦,蔚藔d蓹,蔚藔d蕦,蔚g,蔚g蓹,蔚g蕦,蔚藧g蓹,蔚藧g蕦,蔚藔g蓹,蔚藔g蕦,蔚f,蔚f蓹,蔚f蕦,蔚藧f蓹,蔚藧f蕦,蔚藔f蓹,蔚藔f蕦,蔚s,蔚s蓹,蔚s蕦,蔚藧s蓹,蔚藧s蕦,蔚藔s蓹,蔚藔s蕦,蔚sg,蔚sg蓹,蔚sg蕦,蔚藧sg蓹,蔚藧sg蕦,蔚藔sg蓹,蔚藔sg蕦,蔚fd,蔚fd蓹,蔚fd蕦,蔚sd,蔚sd蓹,蔚sd蕦,蔚藧sd蓹,蔚藧sd蕦,蔚藔sd蓹,蔚藔sd蕦,蔚藧j,蔚藔,蔚藔冒,蔚冒藔,蔚冒藔蓹,蔚藔j,蔚藧蓹,蔚藔蓹,蔚藧j蓹,蔚藧j蕦,蔚藔j蓹,蔚藔j蕦,忙藧,忙藧b蓹,忙藧b蕦,忙藔b蓹,忙藔b蕦,忙藧d蓹,忙藧d蕦,忙藔d蓹,忙藔d蕦,忙藧g蓹,忙藧g蕦,忙藔g蓹,忙藔g蕦,忙藧f蓹,忙藧f蕦,忙藔f蓹,忙藔f蕦,忙藧s蓹,忙藧s蕦,忙藧藔s蓹,忙藧藔s蕦,忙藧sg蓹,忙藧sg蕦,忙藔sg蓹,忙藔sg蕦,忙藧sd蓹,忙藧sd蕦,忙藔sd蓹,忙藔sd蕦,忙藔,忙藔冒,忙冒藔,忙藔j,忙藧蓹,忙藔蓹,忙藧j蓹,忙藧j蕦,忙藔j蓹,忙藔j蕦,a,蕘ad,蕘ad蓹,蕘ad蕦,蕘a藧d蓹,蕘a藧d蕦,ad,ad蓹,ad蕦,蕘as,蕘as蓹,蕘as蕦,蕘a藧as蓹,蕘a藧s蕦,as,as蓹,as蕦,蕘afd,蕘afd蓹,蕘afd蕦,蕘asd,蕘asd蓹,蕘asd蕦,蕘a藧sd蓹,蕘a藧sd蕦,asd,asd蓹,asd蕦,蕘asg,蕘asg蓹,蕘asg蕦,蕘a藧sg蓹,蕘a藧sg蕦,asg,asg蓹,asg蕦,y,y藧,yb,yb蓹,yb蓹,y藧b蓹,y藧b蕦,y藔b蓹,y藔b蕦,yd,yd蓹,yd蕦,y藧d蓹,y藧d蕦,y藔d蓹,y藔d蕦,yg,yg蓹,yg蕦,y藧g蓹,y藧g蕦,y藔g蓹,y藔g蕦,yf,yf蓹,yf蕦,y藧f蓹,y藧f蕦,y藔f蓹,y藔f蕦,ys,ys蓹,ys蕦,y藧s蓹,y藧s蕦,y藔s蓹,y藔s蕦,ysg,ysg蓹,ysg蕦,y藧sg蓹,y藧sg蕦,y藔sg蓹,y藔sg蕦,yfd,yfd蓹,yfd蕦,ysd,ysd蓹,ysd蕦,y藧sd蓹,y藧sd蕦,y藔sd蓹,y藔sd蕦,y藔,y藔冒,y冒藔,y冒藔蓹,y藧蓹,y藔蓹,酶,酶藧,酶b,酶b蓹,酶b蕦,酶藧b蓹,酶藧b蓹蕗,酶藔b蓹,酶藔b蕦,酶d,酶d蓹,酶d蕦,酶藧d蓹,酶藧d蕦,酶藔d蓹,酶藔d蕦,酶g,酶g蓹,酶g蕦,酶藧g蓹,酶藧g蕦,酶藔g蓹,酶藔g蕦,酶f,酶f蓹,酶f蕦,酶藧f蓹,酶藧f蕦,酶藔f蓹,酶藔f蕦,酶s,酶s蓹,酶s蕦,酶藧s蓹,酶藧s蕦,酶藔s蓹,酶藔s蕦,酶sg,酶sg蓹,酶sg蕦,酶藧sg蓹,酶藧sg蕦,酶藔sg蓹,酶藔sg蕦,酶fd,酶fd蓹,酶fd蕦,酶sd,酶sd蓹,酶sd蕦,酶藧sd蓹,酶藧sd蕦,酶藔sd蓹,酶藔sd蕦,酶藧j,酶藔,酶藔冒,酶冒藔,酶冒藔蓹,酶藔j,酶藧蓹,酶藔蓹,酶藧j蓹,酶藔j蓹,艙,艙藧,蕘艙藔,蕘艙,蕘艙藧,蕘艙藔冒,蕘艙冒藔,蕘艙冒藔蓹,蕘艙b,蕘艙b蓹,蕘艙b蕦,蕘艙藧b蓹,蕘艙藧b蕦,蕘艙d,蕘艙d蓹,蕘艙d蕦,蕘艙藧d蓹,蕘艙藧d蕦,蕘艙g,蕘艙g蓹,蕘艙g蕦,蕘艙藧g蓹,蕘艙藧g蕦,蕘艙f,蕘艙f蓹,蕘艙f蕦,蕘艙藧f蓹,蕘艙藧f蕦,蕘艙s,蕘艙s蓹,蕘艙s蕦,蕘艙藧s蓹,蕘艙藧s蕦,蕘艙sg,蕘艙sg蓹,蕘艙sg蕦,蕘艙藧sg蓹,蕘艙藧sg蕦,蕘艙fd,蕘艙fd蓹,蕘艙fd蕦,蕘艙sd,蕘艙sd蓹,蕘艙sd蕦,蕘啥,蕘啥b,蕘啥b蓹,蕘啥b蕦,蕘啥d蓹,蕘啥d蕦,蕘啥g,蕘啥g蓹,蕘啥g蕦,蕘啥f,蕘啥f蓹,蕘啥f蕦,蕘啥s,蕘啥s蓹,蕘啥s蕦,蕘啥sg,蕘啥sg蓹,蕘啥sg蕦,蕘啥fd,蕘啥fd蓹,蕘啥fd蕦,蕘啥sd,蕘啥sd蓹,蕘啥sd蕦,蓹,蕦,蕦蕦,蕘蓱,蕘a,蓱,蓱藧,蓱b,蓱b蓹,蓱b蕦,蓱藧b蓹,蓱藧b蕦,蓱藔b蓹,蓱藔b蕦,蓱d,蓱d蓹,蓱d蕦,蓱藧d蓹,蓱藧d蕦,蓱藔d蓹,蓱藔d蕦,蓱g,蓱g蓹,蓱g蕦,蓱藧g蓹,蓱藧g蕦,蓱藔g蓹,蓱藔g蕦,蓱f,蓱f蓹,蓱f蕦,蓱藧f蓹,蓱藧f蕦,蓱藔f蓹,蓱藔f蕦,蓱s,蓱s蓹,蓱s蕦,蓱藧s蓹,蓱藧s蕦,蓱藔s蓹,蓱藔s蕦,蓱sg,蓱sg蓹,蓱sg蕦,蓱藧sg蓹,蓱藧sg蕦,蓱藔sg蓹,蓱藔sg蕦,蓱fd,蓱fd蓹,蓱fd蕦,蓱sd,蓱sd蓹,蓱sd蕦,蓱藧sd蓹,蓱藧sd蕦,蓱藔sd蓹,蓱藔sd蕦,蓱藔,蓱藔冒,蓱冒藔,蓱冒藔蓹,蓱藧蓱,蓱藔蓱,蕦b,蕦b蓹,蕦b蕦,蕦d,蕦d蓹,蕦d蕦,蕦g,蕦g蓹,蕦g蕦,蕦f,蕦f蓹,蕦f蕦,蕦s,蕦s蓹,蕦s蕦,蕦fd,蕦fd蓹,蕦fd蕦,蕦sd,蕦sd蓹,蕦sd蕦,蕦sg,蕦sg蓹,蕦sg蕦,蕦,u,u藧,ub,ub蓹,ub蕦,u藧b蓹,u藧b蕦,u藔b蓹,u藔b蕦,ud,ud蓹,ud蕦,u藧d蓹,u藧d蕦,u藔d蓹,u藔d蕦,ug,ug蓹,ug蕦,u藧g蓹,u藧g蕦,u藔g蓹,u藔g蕦,uf,uf蓹,uf蕦,u藧f蓹,u藧f蕦,u藔f蓹,u藔f蕦,us,us蓹,us蕦,u藧s蓹,u藧s蕦,u藔s蓹,u藔s蕦,usg,usg蓹,usg蕦,u藧sg蓹,u藧sg蕦,u藔sg蓹,u藔sg蕦,ufd,ufd蓹,ufd蕦,usd,usd蓹,usd蕦,u藧sd蓹,u藧sd蕦,u藔sd蓹,u藔sd蕦,u藔,u藔冒,u冒藔,u冒藔蓹,u藧蓹,u藔蓹,o,o藧,o藧b蓹,o藧b蕦,o藔b蓹,o藔b蕦,o藧d蓹,o藧d蕦,o藔d蓹,o藔d蕦,o藧g蓹,o藧g蕦,o藔g蓹,o藔g蕦,o藧f蓹,o藧f蕦,o藔f蓹,o藔f蕦,o藧s蓹,o藧s蕦,o藔s蓹,o藔s蕦,o藧sg蓹,o藧sg蕦,o藔sg蓹,o藔sg蕦,o藧sd蓹,o藧sd蕦,o藔sd蓹,o藔sd蕦,o藔,o藔冒,o冒藔,o冒藔蓹,o藧蓹,o藔蓹,蓴,蓴藧,蓴b,蓴b蓹,蓴b蕦,蓴藧b蓹,蓴藧b蕦,蓴藔b蓹,蓴藔b蕦,蓴d,蓴d蓹,蓴d蕦,蓴藧d蓹,蓴藧d蕦,蓴藔d蓹,蓴藔d蕦,蓴g,蓴g蓹,蓴g蕦,蓴藧g蓹,蓴藧g蕦,蓴藔g蓹,蓴藔g蕦,蓴f,蓴f蓹,蓴f蕦,蓴藧f蓹,蓴藧f蕦,蓴藔f蓹,蓴藔f蕦,蓴s,蓴s蓹,蓴s蕦,蓴藧s蓹,蓴藧s蕦,蓴藔s蓹,蓴藔s蕦,蓴sg,蓴sg蓹,蓴sg蕦,蓴藧sg蓹,蓴藧sg蕦,蓴藔sg蓹,蓴藔sg蕦,蓴fd,蓴fd蓹,蓴fd蕦,蓴sd,蓴sd蓹,蓴sd蕦,蓴藧sd蓹,蓴藧sd蕦,蓴藔sd蓹,蓴藔sd蕦,蓴藔,蓴藔冒,蓴冒藔,蓴冒藔蓹,蓲,蓲藧,蓲藧b蓹,蓲藧b蕦,蓲藔b蓹,蓲藔b蕦,蓲藧d蓹,蓲藧d蕦,蓲藔d蓹,蓲藔d蕦,蓲藧g蓹,蓲藧g蕦,蓲藔g蓹,蓲藔g蕦,蓲藧f蓹,蓲藧f蕦,蓲藔f蓹,蓲藔f蕦,蓲藧s蓹,蓲藧s蕦,蓲藔s蓹,蓲藔s蕦,蓲藧sg蓹,蓲藧sg蕦,蓲藔sg蓹,蓲藔sg蕦,蓲藧sd蓹,蓲藧sd蕦,蓲藔sd蓹,蓲藔sd蕦,蓲藔,蓲藧蓲,蓲藔蓲,iw,iw藔,i藧v,i藧w,i藔v,i藔w,i藧v蓹,i藧v蕦,i蓯摊,i蓯摊藔,i蓯摊蕦,i蓯摊藔蕦,i藧蕦,i藔蕦,i蓯摊v,i蓯摊w,i蓯摊藔v,i蓯摊藔w,ew,ew藔,e藔v,e藔w,e藧v,e藧w,e藧v蓹,e藧v蕦,e蓯摊,e藔蓯摊,e藧蕦,e藔蕦,蔚w,蔚w藔,蔚藔w,蔚藔v,蔚藧v,蔚藧w,蔚藧v蓹,蔚藧v蕦,蔚藧蓯摊,蔚蓯摊藔,蔚藔蓯摊,蔚藧蕦,蔚藔蕦,蔚j,忙藔v,忙藔w,忙藧v,忙藧w,忙藧v蓹,忙藧v蕦,忙蓯摊,忙蓯摊藔,忙蓯摊蕦,忙蓯摊藔蕦,忙蓯摊v,忙蓯摊w,忙蓯摊藔v,忙蓯摊藔w,忙蓯摊v蓹,忙蓯摊v蕦,忙蓯摊v蓹,忙蓯摊v蕦,yw,yw藔,y藧v,y藧w,y藔v,y藔w,y藧v蓹,y藧v蕦,y蓯摊,y蓯摊藔,y蓯摊蕦,y蓯摊藔蕦,y藧蕦,y藔蕦,酶w,酶w藔,酶藔w,酶藔v,酶藧v,酶藧v蓹,酶藧v蕦,酶藔蓯摊,艙w,艙w藔,啥蓯摊,啥藔蓯摊,啥藧蕦,啥蓯摊蕦,啥蓯摊藔蕦,啥蓯摊v,啥蓯摊w,啥蓯摊藔v,啥蓯摊藔w,啥蓯摊v蓹,啥蓯摊v蕦,啥蓯摊w蓹,啥蓯摊w蕦,蕘艙藧v,蕘艙藧w,蕘艙藧v蓹,蕘艙藧v蕦,蕘艙藧w蓹,蕘艙藧w蕦,蕘啥v,蕘啥w,蕘啥藔v,蕘啥藔w,蕘啥w藔,蓱j,蓱j藔,蓱j蓹,蓱j蕦,蓱w,蓱w藔,蓱v蓹,蓱v蕦,蓱w蓹,蓱w蕦,蓱藧v,蓱藧w,蓱藔v,蓱藔w,蓱藧v蓹,蓱藧v蕦,蓱藧w蓹,蓱藧w蕦,uj,uj藔,uj蓹,uj蕦,u蓯摊,u蓯摊藔,u蓯摊蕦,u蓯摊藔蕦,u藧蕦,u藔蕦,u蓯摊v,u蓯摊w,u蓯摊藔v,u蓯摊藔w,u蓯摊v蓹,u蓯摊v蕦,o蓯摊,o藔蓯摊,o蓯摊藔,o藧蕦,蓴w,蓴w藔,蓴藔w,蓴藔v,蓴藧v,蓴藧w,蓴藧v蓹,蓴藧v蕦,蓴藧w蓹,蓴藧w蕦,蕦j,蕦j藔,蕦j蓹,蕦j蕦,蓲w,蓲w藔,蓲v,蓲v蓹,蓲v蕦,蓲w蓹,蓲w蕦,蓲藧v,蓲藧w,蓲藔v,蓲藔w,蓲藧v蓹,蓲藧v蕦,蓲藧w蓹,蓲藧w蕦
udtaleordbog,,font_IPA,ohneX,藞,藢,藧,贪藧, ,/,[,],.,p,p拾,t,ts,k,k拾,v,f,胃,s,j,蓵,h,m,m贪,pm,mm泰,m贪m,m蓹,m蓯,n,n贪,tn,fn,sn,嗓n,嗓贪n,ln,l贪n,l蓹n,nn泰,n贪n,n蓹,n蓯,n蓹n,艐,艐贪,k艐,艐艐,艐贪艐,艐蓹,艐蓯,l,l贪,pl,tl,kl,fl,sl,ml,m贪l,nl,n贪l,艐l,艐贪l,l蓹,l蓯,w,嗓,嗓贪,嗓,嗓嗓,嗓贪嗓,嗓,嗓蓯,嗓贪嗓,嗓贪蓯,嗓嗓嗓,晒,蕘,i,ip,ip蓹,ip蓯,it,it蓹,it蓯,ik,ik蓹,ik蓯,if,if蓹,if蓯,is,is蓹,is蓯,isk,isk蓹,isk蓯,ift,ift蓹,ift蓯,ist,ist蓹,ist蓯,i藧,i藧p蓹,i藧p蓯,i贪藧p蓹,i贪藧p蓯,i藧t蓹,i藧t蓯,i贪藧t蓹,i贪藧t蓯,i藧k蓹,i藧k蓯,i贪藧k蓹,i贪藧k蓯,i藧f蓹,i藧f蓯,i贪藧f蓹,i贪藧f蓯,i藧s蓹,i藧s蓯,i贪藧s蓹,i贪藧s蓯,i藧sk蓹,i藧sk蓯,i贪藧sk蓹,i贪藧sk蓯,i藧st蓹,i藧st蓯,i贪藧st蓹,i贪藧st蓯,i贪藧,i嗓贪,i嗓贪,i嗓贪蓹,i藧i,i贪藧i,e,e藧,e藧p蓹,e藧p蓯,ep,ep蓹,ep蓯,e贪藧p蓹,e贪藧p蓯,e藧t蓹,e藧t蓯,et,et蓹,et蓯,e贪藧t蓹,e贪藧t蓯,e藧k蓹,e藧k蓯,ek,ek蓹,ek蓯,e贪藧k蓹,e贪藧k蓯,ef,ef蓹,ef蓯,ef蓹,ef蓯,e贪藧f蓹,e贪藧f蓯,esk,esk蓹,esk蓯,e藧sk蓹,e藧sk蓯,e贪藧sk蓹,e贪藧sk蓯,eft,eft蓹,eft蓯,est,est蓹,est蓯,e藧st蓹,e藧st蓯,e贪藧st蓹,e贪藧st蓯,es,es蓹,es蓯,e藧s蓹,e藧s蓯,e贪藧s蓹,e贪藧s蓯,e藧,e贪藧,e嗓贪,e嗓贪嗓,e嗓贪,e贪藧,e藧e,e贪藧e,e藧e,e藧蓯,e贪藧e,e贪藧蓯,蓻,蓻藧,蓻p,蓻p蓹,蓻p蓯,蓻藧p蓹,蓻藧p蓯,蓻贪藧p蓹,蓻贪藧p蓯,蓻t,蓻t蓹,蓻t蓯,蓻藧t蓹,蓻藧t蓯,蓻贪藧t蓹,蓻贪藧t蓯,蓻k,蓻k蓹,蓻k蓯,蓻藧k蓹,蓻藧k蓯,蓻贪藧k蓹,蓻贪藧k蓯,蓻f,蓻f蓹,蓻f蓯,蓻藧f蓹,蓻藧f蓯,蓻贪藧f蓹,蓻贪藧f蓯,蓻s,蓻s蓹,蓻s蓯,蓻藧s蓹,蓻藧s蓯,蓻贪藧s蓹,蓻贪藧s蓯,蓻sk,蓻sk蓹,蓻sk蓯,蓻藧sk蓹,蓻藧sk蓯,蓻贪藧sk蓹,蓻贪藧sk蓯,蓻ft,蓻ft蓹,蓻ft蓯,蓻st,蓻st蓹,蓻st蓯,蓻藧st蓹,蓻藧st蓯,蓻贪藧st蓹,蓻贪藧st蓯,蓻藧蓻,蓻贪藧蓻,蓻嗓贪,蓻嗓贪,蓻嗓贪嗓,蓻贪藧,蓻藧蓻,蓻贪藧蓻,蓻藧蓻,蓻藧蓯,蓻贪藧蓻,蓻贪藧蓯,忙藧,忙藧p蓹,忙藧p蓯,忙贪藧p蓹,忙贪藧p蓯,忙藧t蓹,忙藧t蓯,忙贪藧t蓹,忙贪藧t蓯,忙藧k蓹,忙藧k蓯,忙贪藧k蓹,忙贪藧k蓯,忙藧f蓹,忙藧f蓯,忙贪藧f蓹,忙贪藧f蓯,忙藧s蓹,忙藧s蓯,忙贪藧s蓹,忙贪藧s蓯,忙藧sk蓹,忙藧sk蓯,忙贪藧sk蓹,忙贪藧sk蓯,忙藧st蓹,忙藧st蓯,忙贪藧st蓹,忙贪藧st蓯,忙贪藧,忙嗓贪,忙嗓贪,忙贪藧,忙藧忙,忙贪藧忙,忙藧忙,忙藧蓯,忙贪藧忙,忙贪藧蓯,忙,蕘at,蕘at蓹,蕘at蓯,蕘a藧at蓹,蕘a藧t蓯,忙t,忙t蓹,忙t蓯,蕘as,蕘as蓹,蕘as蓯,蕘a藧s蓹,蕘a藧s蓯,忙s,忙s蓹,忙s蓯,蕘aft,蕘aft蓹,蕘aft蓯,蕘ast,蕘ast蓹,蕘ast蓯,蕘a藧st蓹,蕘a藧st蓯,忙st,忙st蓹,忙st蓯,蕘ask,蕘ask蓹,蕘ask蓯,蕘a藧sk蓹,蕘a藧sk蓯,忙sk,忙sk蓹,忙sk蓯,y,y藧,yp,yp蓹,yp蓯,y藧p蓹,y藧p蓯,y贪藧p蓹,y贪藧p蓯,yt,yt蓹,yt蓯,y藧t蓹,y藧t蓯,y贪藧t蓹,y贪藧t蓯,yk,yk蓹,yk蓯,y藧k蓹,y藧k蓯,y贪藧k蓹,y贪藧k蓯,yf,yf蓹,yf蓯,y藧f蓹,y藧f蓯,y贪藧f蓹,y贪藧p蓯,ys,ys蓹,ys蓯,y藧s蓹,y藧s蓯,y贪藧s蓹,y贪藧s蓯,ysk,ysk蓹,ysk蓯,y藧sk蓹,y藧sk蓯,y贪藧sk蓹,y贪藧sk蓯,yft,yft蓹,yft蓯,yst,yst蓹,yst蓯,y藧st蓹,y藧st蓯,y贪藧st蓹,y贪藧st蓯,y贪藧,y嗓贪,y嗓贪,y嗓贪嗓,y藧y,y贪藧y,酶,酶藧,酶p,酶p蓹,酶p蓯,酶藧p蓹,酶藧p蓯,酶贪藧p蓹,酶贪藧p蓯,酶t,酶t蓹,酶t蓯,酶藧t蓹,酶藧t蓯,酶贪藧t蓹,酶贪藧t蓯,酶k,酶k蓹,酶k蓯,酶藧k蓹,酶藧k蓯,酶贪藧k蓹,酶贪藧k蓯,酶f,酶f蓹,酶f蓯,酶藧f蓹,酶藧f蓯,酶贪藧f蓹,酶贪藧f蓯,酶s,酶s蓹,酶s蓯,酶藧s蓹,酶藧s蓯,酶贪藧s蓹,酶贪藧s蓯,酶sk,酶sk蓹,酶sk蓯,酶藧sk蓹,酶藧sk蓯,酶贪藧sk蓹,酶贪藧sk蓯,酶ft,酶ft蓹,酶ft蓯,酶st,酶st蓹,酶st蓯,酶藧st蓹,酶藧st蓯,酶贪藧st蓹,酶贪藧st蓯,酶藧,酶贪藧,酶嗓贪,酶嗓贪,酶嗓贪嗓,酶贪藧,酶藧酶,酶贪藧酶,酶藧酶,酶贪藧酶,艙,艙藧,蕘艙贪藧,蕘艙,蕘艙藧,蕘艙嗓贪,蕘艙嗓贪,蕘艙嗓贪嗓,蕘艙p,蕘艙p蓹,蕘艙p蓯,蕘艙藧p蓹,蕘艙藧p蓯,蕘艙t,蕘艙t蓹,蕘艙t蓯,蕘艙藧t蓹,蕘艙藧t蓯,蕘艙k,蕘艙k蓹,蕘艙k蓯,蕘艙藧k蓹,蕘艙藧k蓯,蕘艙f,蕘艙f蓹,蕘艙f蓯,蕘艙藧f蓹,蕘艙藧f蓯,蕘艙s,蕘艙s蓹,蕘艙s蓯,蕘艙藧s蓹,蕘艙藧s蓯,蕘艙sk,蕘艙sk蓹,蕘艙sk蓯,蕘艙藧sk蓹,蕘艙藧sk蓯,蕘艙ft,蕘艙ft蓹,蕘艙ft蓯,蕘艙st,蕘艙st蓹,蕘艙st蓯,蕘啥,蕘啥p,蕘啥p蓹,蕘啥p蓯,蕘啥t蓹,蕘啥t蓯,蕘啥k,蕘啥k蓹,蕘啥k蓯,蕘啥f,蕘啥f蓹,蕘啥f蓯,蕘啥s,蕘啥s蓹,蕘啥s蓯,蕘啥sk,蕘啥sk蓹,蕘啥sk蓯,蕘啥ft,蕘啥ft蓹,蕘啥ft蓯,蕘啥st,蕘啥st蓹,蕘啥st蓯,蓹,蓯,蓯蓯,蕘a,蕘a,a,a藧,ap,ap蓹,ap蓯,a藧p蓹,a藧p蓯,a贪藧p蓹,a贪藧p蓯,at,at蓹,at蓯,a藧t蓹,a藧t蓯,a贪藧t蓹,a贪藧t蓯,ak,ak蓹,ak蓯,a藧k蓹,a藧k蓯,a贪藧k蓹,a贪藧k蓯,af,af蓹,af蓯,a藧f蓹,a藧f蓯,a贪藧f蓹,a贪藧f蓯,as,as蓹,as蓯,a藧s蓹,a藧s蓯,a贪藧s蓹,a贪藧s蓯,ask,ask蓹,ask蓯,a藧sk蓹,a藧sk蓯,a贪藧sk蓹,a贪藧sk蓯,aft,aft蓹,aft蓯,ast,ast蓹,ast蓯,a藧st蓹,a藧st蓯,a贪藧st蓹,a贪藧st蓯,a贪藧,a嗓贪,a嗓贪,a嗓贪嗓,a藧a,a贪藧a,蓲p,蓲p蓹,蓲p蓯,蓲t,蓲t蓹,蓲t蓯,蓲k,蓲k蓹,蓲k蓯,蓲f,蓲f蓹,蓲f蓯,蓲s,蓲s蓹,蓲s蓯,蓲ft,蓲ft蓹,蓲ft蓯,蓲st,蓲st蓹,蓲st蓯,蓲sk,蓲sk蓹,蓲sk蓯,蓲,u,u藧,up,up蓹,up蓯,u藧p蓹,u藧p蓯,u贪藧p蓹,u贪藧p蓯,ut,ut蓹,ut蓯,u藧t蓹,u藧t蓯,u贪藧t蓹,u贪藧t蓯,uk,uk蓹,uk蓯,u藧k蓹,u藧k蓯,u贪藧k蓹,u贪藧k蓯,uf,uf蓹,uf蓯,u藧f蓹,u藧f蓯,u贪藧f蓹,u贪藧f蓯,us,us蓹,us蓯,u藧s蓹,u藧s蓯,u贪藧s蓹,u贪藧s蓯,usk,usk蓹,usk蓯,u藧sk蓹,u藧sk蓯,u贪藧sk蓹,u贪藧sk蓯,uft,uft蓹,uft蓯,ust,ust蓹,ust蓯,u藧st蓹,u藧st蓯,u贪藧st蓹,u贪藧st蓯,u贪藧,u嗓贪,u嗓贪,u嗓贪嗓,u藧u,u贪藧u,o,o藧,o藧p蓹,o藧p蓯,o贪藧p蓹,o贪藧p蓯,o藧t蓹,o藧t蓯,o贪藧t蓹,o贪藧t蓯,o藧k蓹,o藧k蓯,o贪藧k蓹,o贪藧k蓯,o藧f蓹,o藧f蓯,o贪藧f蓹,o贪藧f蓯,o藧s蓹,o藧s蓯,o贪藧s蓹,o贪藧s蓯,o藧sk蓹,o藧sk蓯,o贪藧sk蓹,o贪藧sk蓯,o藧st蓹,o藧st蓯,o贪藧st蓹,o贪藧st蓯,o贪藧,o嗓贪,o嗓贪,o嗓贪嗓,o藧o,o贪藧o,蓴,蓴藧,蓴p,蓴p蓹,蓴p蓯,蓴藧p蓹,蓴藧p蓯,蓴贪藧p蓹,蓴贪藧p蓯,蓴t,蓴t蓹,蓴t蓯,蓴藧t蓹,蓴藧t蓯,蓴贪藧t蓹,蓴贪藧t蓯,蓴k,蓴k蓹,蓴k蓯,蓴藧k蓹,蓴藧k蓯,蓴贪藧k蓹,蓴贪藧k蓯,蓴f,蓴f蓹,蓴f蓯,蓴藧f蓹,蓴藧f蓯,蓴贪藧f蓹,蓴贪藧f蓯,蓴s,蓴s蓹,蓴s蓯,蓴藧s蓹,蓴藧s蓯,蓴贪藧s蓹,蓴贪藧s蓯,蓴sk,蓴sk蓹,蓴sk蓯,蓴藧sk蓹,蓴藧sk蓯,蓴贪藧sk蓹,蓴贪藧sk蓯,蓴ft,蓴ft蓹,蓴ft蓯,蓴st,蓴st蓹,蓴st蓯,蓴藧st蓹,蓴藧st蓯,蓴贪藧st蓹,蓴贪藧st蓯,蓴贪藧,蓴嗓贪,蓴嗓贪,蓴嗓贪嗓,蓲,蓲藧,蓲藧p蓹,蓲藧p蓯,蓲贪藧p蓹,蓲贪藧p蓯,蓲藧t蓹,蓲藧t蓯,蓲贪藧t蓹,蓲贪藧t蓯,蓲藧k蓹,蓲藧k蓯,蓲贪藧k蓹,蓲贪藧k蓯,蓲藧f蓹,蓲藧f蓯,蓲贪藧f蓹,蓲贪藧f蓯,蓲藧s蓹,蓲藧s蓯,蓲贪藧s蓹,蓲贪藧s蓯,蓲藧sk蓹,蓲藧sk蓯,蓲贪藧sk蓹,蓲贪藧sk蓯,蓲藧st蓹,蓲藧st蓯,蓲贪藧st蓹,蓲贪藧st蓯,蓲贪藧,蓲藧蓲,蓲贪藧蓲,i蕣贪,i蕣贪,i蕣,i蕣,i蕣贪,i蕣贪,i藧蕣,i藧蕣蓯,i蓯,i蓯贪,i藧蓯,i贪藧蓯,i藧蓯,i贪藧蓯,i蓯蕣,i蓯蕣,i蓯贪蕣,i蓯贪蕣,e蕣,e蕣贪,e蕣贪,e蕣贪,e蕣,e蕣,e藧蕣,e藧蕣蓯,e蓯,e蓯贪,e藧蓯,e贪藧蓯,蓻蕣,蓻蕣贪,蓻蕣贪,蓻蕣贪,蓻蕣,蓻蕣,蓻藧蕣,蓻藧蕣蓯,忙蓯,忙蓯贪,忙蓯贪,忙藧蓯,忙贪藧蓯,蓻瑟,忙蕣贪,忙蕣贪,忙蕣,忙蕣,忙藧蕣,忙藧蕣蓯,忙蓯,忙蓯贪,忙藧蓯,忙贪藧蓯,忙蓯蕣,忙蓯蕣,忙蓯贪蕣,忙蓯贪蕣,忙蓯蕣,忙蓯蕣蓯,忙蓯蕣,忙蓯蕣蓯,y蕣,y蕣贪,y蕣,y蕣,y蕣贪,y蕣贪,y藧蕣,y藧蕣蓯,y蓯,y蓯贪,y藧蓯,y贪藧蓯,y藧蓯,y贪藧蓯,酶蕣,酶蕣贪,酶蕣贪,酶蕣贪,酶蕣,酶藧蕣,酶藧蕣蓯,酶蓯贪,艙蕣,艙蕣贪,啥蓯,啥蓯贪,艙藧蓯,艙藧蓯,艙贪藧蓯,啥蓯蕣,啥蓯蕣,啥蓯贪蕣,啥蓯贪蕣,啥蓯蕣,啥蓯蕣蓯,啥蓯蕣,啥蓯蕣蓯,蕘啥蕣,蕘啥蕣,蕘艙藧蕣,蕘艙藧蕣蓯,蕘艙藧蕣,蕘艙藧蕣蓯,蕘啥蕣,蕘啥蕣,蕘啥蕣贪,蕘啥蕣贪,蕘啥蕣贪,a瑟,a瑟贪,a藧瑟,a瑟蓯,a蕣,a蕣贪,a藧蕣,a蕣蓯,a藧蕣,a蕣蓯,a藧蕣,a藧蕣,a藧蕣贪,a藧蕣贪,a藧蕣,a藧蕣蓯,a藧蕣,a藧蕣蓯,u瑟,u瑟贪,u藧瑟,u瑟蓯,u蓯,u蓯贪,u藧蓯,u贪藧蓯,u藧蓯,u贪藧蓯,u蓯蕣,u蓯蕣,u蓯贪蕣,u蓯贪蕣,u蓯蕣,u蓯蕣蓯,o蓯,o蓯贪,o蓯贪,o藧蓯,蓴蕣,蓴蕣贪,蓴蕣贪,蓴蕣贪,蓴蕣贪,蓴蕣贪,蓴藧蕣,蓴蕣蓯,蓴藧蕣,蓴蕣蓯,蓲瑟,蓲瑟贪,蓲藧瑟,蓲瑟蓯,蓲蕣,蓲蕣贪,蓲蕣,蓲藧蕣,蓲蕣蓯,蓲藧蕣,蓲蕣蓯,蓲藧蕣,蓲藧蕣,蓲贪藧蕣,蓲贪藧蕣,蓲藧蕣,蓲藧蕣蓯,蓲藧蕣,蓲藧蕣蓯
Langenscheidt,,font_IPA,ohneX,藞,藢,藧,蕯, ,/,[,],.,b,p,d,t,g,k,v,f,胃,s,j,sj,h,m,m蕯,b蓹n,m蓹n,m蕯蓹n,m蓹,m蓹蕗,n,n蕯,d蓹n,f蓹n,s蓹n,冒蓹n,冒蕯蓹n,l蓹n,l蕯蓹n,l蓹n,n蓹n,n蕯蓹n,n蓹,n蓹蕗,n蓹n,艐,艐蕯,g蓹n,艐蓹n,艐蕯蓹n,艐蓹,艐蓹蕗,l,l蕯,b蓹l,d蓹l,g蓹l,f蓹l,s蓹l,m蓹l,m蕯蓹l,n蓹l,n蕯蓹l,艐蓹l,艐蕯蓹l,l蓹,l蓹蕗,w,冒,冒蕯,蓹冒,冒蓹冒,冒蕯蓹冒,冒蓹,冒蓹蕗,冒蕯蓹,冒蕯蓹蕗,冒蓹冒蓹,晒,蕗,i,ib,ib蓹,ib蓹蕗,id,id蓹,id蓹蕗,ig,ig蓹,ig蓹蕗,if,if蓹,if蓹蕗,is,is蓹,is蓹蕗,isg,isg蓹,isg蓹蕗,ifd,ifd蓹,ifd蓹蕗,isd,isd蓹,isd蓹蕗,i藧,i藧b蓹,i藧b蓹蕗,i藧蕯b蓹,i藧蕯b蓹蕗,i藧d蓹,i藧d蓹蕗,i藧蕯d蓹,i藧蕯d蓹蕗,i藧g蓹,i藧g蓹蕗,i藧蕯g蓹,i藧蕯g蓹蕗,i藧f蓹,i藧f蓹蕗,i藧蕯f蓹,i藧蕯f蓹蕗,i藧s蓹,i藧s蓹蕗,i藧蕯s蓹,i藧蕯s蓹蕗,i藧sg蓹,i藧sg蓹蕗,i藧蕯sg蓹,i藧蕯sg蓹蕗,i藧sd蓹,i藧sd蓹蕗,i藧蕯sd蓹,i藧蕯sd蓹蕗,i藧蕯,i藧蕯冒,i冒蕯,i冒蕯蓹,i藧蓹,i藧蕯蓹,e,e藧,e藧b蓹,e藧b蓹蕗,eb,eb蓹,eb蓹蕗,e藧蕯b蓹,e藧蕯b蓹蕗,e藧d蓹,e藧d蓹蕗,ed,ed蓹,ed蓹蕗,e藧蕯d蓹,e藧蕯d蓹蕗,e藧g蓹,e藧g蓹蕗,eg,eg蓹,eg蓹蕗,e藧蕯g蓹,e藧蕯g蓹蕗,ef,ef蓹,ef蓹蕗,e藧f蓹,e藧f蓹蕗,e藧蕯f蓹,e藧蕯f蓹蕗,esg,esg蓹,esg蓹蕗,e藧sg蓹,e藧sg蓹蕗,e藧蕯sg蓹,e藧蕯sg蓹蕗,efd,efd蓹,efd蓹蕗,esd,esd蓹,esd蓹蕗,e藧sd蓹,e藧sd蓹蕗,e藧蕯sd蓹,e藧蕯sd蓹蕗,es,es蓹,es蓹蕗,e藧s蓹,e藧s蓹蕗,e藧蕯s蓹,e藧蕯s蓹蕗,e藧j,e藧蕯,e藧蕯冒,e冒蕯蓹,e冒蕯,e藧蕯{j},e藧蓹,e藧蕯蓹,e藧{j}蓹,e藧{j}蓹蕗,e藧蕯{j}蓹,e藧蕯{j}蓹蕗,蔚,蔚藧,蔚b,蔚b蓹,蔚b蓹蕗,蔚藧b蓹,蔚藧b蓹蕗,蔚藧蕯b蓹,蔚藧蕯b蓹蕗,蔚d,蔚d蓹,蔚d蓹蕗,蔚藧d蓹,蔚藧d蓹蕗,蔚藧蕯d蓹,蔚藧蕯d蓹蕗,蔚g,蔚g蓹,蔚g蓹蕗,蔚藧g蓹,蔚藧g蓹蕗,蔚藧蕯g蓹,蔚藧蕯g蓹蕗,蔚f,蔚f蓹,蔚f蓹蕗,蔚藧f蓹,蔚藧f蓹蕗,蔚藧蕯f蓹,蔚藧蕯f蓹蕗,蔚s,蔚s蓹,蔚s蓹蕗,蔚藧s蓹,蔚藧s蓹蕗,蔚藧蕯s蓹,蔚藧蕯s蓹蕗,蔚sg,蔚sg蓹,蔚sg蓹蕗,蔚藧sg蓹,蔚藧sg蓹蕗,蔚藧蕯sg蓹,蔚藧蕯sg蓹蕗,蔚fd,蔚fd蓹,蔚fd蓹蕗,蔚sd,蔚sd蓹,蔚sd蓹蕗,蔚藧sd蓹,蔚藧sd蓹蕗,蔚藧蕯sd蓹,蔚藧蕯sd蓹蕗,蔚藧{j},蔚藧蕯,蔚藧蕯冒,蔚冒蕯,蔚冒蕯蓹,蔚藧蕯{j},蔚藧蓹,蔚藧蕯蓹,蔚藧{j}蓹,蔚藧{j}蓹蕗,蔚藧蕯{j}蓹,蔚藧蕯{j}蓹蕗,a藧,a藧b蓹,a藧b蓹蕗,a藧蕯b蓹,a藧蕯b蓹蕗,a藧d蓹,a藧d蓹蕗,a藧蕯d蓹,a藧蕯d蓹蕗,a藧g蓹,a藧g蓹蕗,a藧蕯g蓹,a藧蕯g蓹蕗,a藧f蓹,a藧f蓹蕗,a藧蕯f蓹,a藧蕯f蓹蕗,a藧s蓹,a藧s蓹蕗,a藧蕯s蓹,a藧蕯s蓹蕗,a藧sg蓹,a藧sg蓹蕗,a藧蕯sg蓹,a藧蕯sg蓹蕗,a藧sd蓹,a藧sd蓹蕗,a藧蕯sd蓹,a藧蕯sd蓹蕗,a藧蕯,a藧蕯冒,a藧蕯冒,a藧蕯{j},a藧蓹,a藧蕯蓹,a藧{j}蓹,a藧{j}蓹蕗,a藧蕯{j}蓹,a藧蕯{j}蓹蕗,a,蕗ad,蕗ad蓹,蕗ad蓹蕗,蕗a藧d蓹,蕗a藧d蓹蕗,ad,ad蓹,ad蓹蕗,蕗as,蕗as蓹,蕗as蓹蕗,蕗a藧s蓹,蕗a藧s蓹蕗,as,as蓹,as蓹蕗,蕗afd,蕗afd蓹,蕗afd蓹蕗,蕗asd,蕗asd蓹,蕗asd蓹蕗,蕗a藧sd蓹,蕗a藧sd蓹蕗,asd,asd蓹,asd蓹蕗,蕗asg,蕗asg蓹,蕗asg蓹蕗,蕗a藧sg蓹,蕗a藧sg蓹蕗,asg,asg蓹,asg蓹蕗,y,y藧,yb,yb蓹,yb蓹,y藧b蓹,y藧b蓹蕗,y藧蕯b蓹,y藧蕯b蓹蕗,yd,yd蓹,yd蓹蕗,y藧d蓹,y藧d蓹蕗,y藧蕯d蓹,y藧蕯d蓹蕗,yg,yg蓹,yg蓹蕗,y藧g蓹,y藧g蓹蕗,y藧蕯g蓹,y藧蕯g蓹蕗,yf,yf蓹,yf蓹蕗,y藧f蓹,y藧f蓹蕗,y藧蕯f蓹,y藧蕯f蓹蕗,ys,ys蓹,ys蓹蕗,y藧s蓹,y藧s蓹蕗,y藧蕯s蓹,y藧蕯s蓹蕗,ysg,ysg蓹,ysg蓹蕗,y藧sg蓹,y藧sg蓹蕗,y藧蕯sg蓹,y藧蕯sg蓹蕗,yfd,yfd蓹,yfd蓹蕗,ysd,ysd蓹,ysd蓹蕗,y藧sd蓹,y藧sd蓹蕗,y藧蕯sd蓹,y藧蕯sd蓹蕗,y藧蕯,y藧蕯冒,y冒蕯,y冒蕯蓹,y藧蓹,y藧蕯蓹,酶,酶藧,酶b,酶b蓹,酶b蕗,酶藧b蓹,酶藧b蓹蕗,酶藧蕯b蓹,酶藧蕯b蓹蕗,酶d,酶d蓹,酶d蓹蕗,酶藧d蓹,酶藧d蓹蕗,酶藧蕯d蓹,酶藧蕯d蓹蕗,酶g,酶g蓹,酶g蓹蕗,酶藧g蓹,酶藧g蓹蕗,酶藧蕯g蓹,酶藧蕯g蓹蕗,酶f,酶f蓹,酶f蓹蕗,酶藧f蓹,酶藧f蓹蕗,酶藧蕯f蓹,酶藧蕯f蓹蕗,酶s,酶s蓹,酶s蓹蕗,酶藧s蓹,酶藧s蓹蕗,酶藧蕯s蓹,酶藧蕯s蓹蕗,酶sg,酶sg蓹,酶sg蓹蕗,酶藧sg蓹,酶藧sg蓹蕗,酶藧蕯sg蓹,酶藧蕯sg蓹蕗,酶fd,酶fd蓹,酶fd蓹蕗,酶sd,酶sd蓹,酶sd蓹蕗,酶藧sd蓹,酶藧sd蓹蕗,酶藧蕯sd蓹,酶藧蕯sd蓹蕗,酶藧{j},酶藧蕯,酶藧蕯冒,酶冒蕯,酶冒蕯蓹,酶藧蕯{j},酶藧蓹,酶藧蕯蓹,酶藧{j}蓹,酶藧蕯{j}蓹,艙,艙藧,蕗酶藧蕯,蕗酶,蕗酶藧,蕗酶藧蕯冒,蕗酶冒蕯,蕗酶冒蕯蓹,蕗酶b,蕗酶b蓹,蕗酶b蓹蕗,蕗酶藧b蓹,蕗酶藧b蓹蕗,蕗酶d,蕗酶d蓹,蕗酶d蓹蕗,蕗酶藧d蓹,蕗酶藧d蓹蕗,蕗酶g,蕗酶g蓹,蕗酶g蓹蕗,蕗酶藧g蓹,蕗酶藧g蓹蕗,蕗酶f,蕗酶f蓹,蕗酶f蓹蕗,蕗酶藧f蓹,蕗酶藧f蓹蕗,蕗酶s,蕗酶s蓹,蕗酶s蓹蕗,蕗酶藧s蓹,蕗酶藧s蓹蕗,蕗酶sg,蕗酶sg蓹,蕗酶sg蓹蕗,蕗酶藧sg蓹,蕗酶藧sg蓹蕗,蕗酶fd,蕗酶fd蓹,蕗酶fd蓹蕗,蕗酶sd,蕗酶sd蓹,蕗酶sd蓹蕗,蕗艙,蕗艙b,蕗艙b蓹,蕗艙b蓹蕗,蕗艙d蓹,蕗艙d蓹蕗,蕗艙g,蕗艙g蓹,蕗艙g蓹蕗,蕗艙f,蕗艙f蓹,蕗艙f蓹蕗,蕗艙s,蕗艙s蓹,蕗艙s蓹蕗,蕗艙sg,蕗艙sg蓹,蕗艙sg蓹蕗,蕗艙fd,蕗艙fd蓹,蕗艙fd蓹蕗,蕗艙sd,蕗艙sd蓹,蕗艙sd蓹蕗,蓹,蓹蕗,蓹蕗蓹,蕗蓱,蕗蔚,蓱,蓱藧,蓱b,蓱b蓹,蓱b蓹蕗,蓱藧b蓹,蓱藧b蓹蕗,蓱藧蕯b蓹,蓱藧蕯b蓹蕗,蓱d,蓱d蓹,蓱d蓹蕗,蓱藧d蓹,蓱藧d蓹蕗,蓱藧蕯d蓹,蓱藧蕯d蓹蕗,蓱g,蓱g蓹,蓱g蓹蕗,蓱藧g蓹,蓱藧g蓹蕗,蓱藧蕯g蓹,蓱藧蕯g蓹蕗,蓱f,蓱f蓹,蓱f蓹蕗,蓱藧f蓹,蓱藧f蓹蕗,蓱藧蕯f蓹,蓱藧蕯f蓹蕗,蓱s,蓱s蓹,蓱s蓹蕗,蓱藧s蓹,蓱藧s蓹蕗,蓱藧蕯s蓹,蓱藧蕯s蓹蕗,蓱sg,蓱sg蓹,蓱sg蓹蕗,蓱藧sg蓹,蓱藧sg蓹蕗,蓱藧蕯sg蓹,蓱藧蕯sg蓹蕗,蓱fd,蓱fd蓹,蓱fd蓹蕗,蓱sd,蓱sd蓹,蓱sd蓹蕗,蓱藧sd蓹,蓱藧sd蓹蕗,蓱藧蕯sd蓹,蓱藧蕯sd蓹蕗,蓱藧蕯,蓱藧蕯冒,蓱冒蕯,蓱冒蕯蓹,蓱藧蕗蓹,蓱藧蕯蕗蓹,蓴b,蓴b蓹,蓴b蓹蕗,蓴d,蓴d蓹,蓴d蓹蕗,蓴g,蓴g蓹,蓴g蓹蕗,蓴f,蓴f蓹,蓴f蓹蕗,蓴s,蓴s蓹,蓴s蓹蕗,蓴fd,蓴fd蓹,蓴fd蓹蕗,蓴sd,蓴sd蓹,蓴sd蓹蕗,蓴sg,蓴sg蓹,蓴sg蓹蕗,蓴,u,u藧,ub,ub蓹,ub蓹蕗,u藧b蓹,u藧b蓹蕗,u藧蕯b蓹,u藧蕯b蓹蕗,ud,ud蓹,ud蓹蕗,u藧d蓹,u藧d蓹蕗,u藧蕯d蓹,u藧蕯d蓹蕗,ug,ug蓹,ug蓹蕗,u藧g蓹,u藧g蓹蕗,u藧蕯g蓹,u藧蕯g蓹蕗,uf,uf蓹,uf蓹蕗,u藧f蓹,u藧f蓹蕗,u藧蕯f蓹,u藧蕯f蓹蕗,us,us蓹,us蓹蕗,u藧s蓹,u藧s蓹蕗,u藧蕯s蓹,u藧蕯s蓹蕗,usg,usg蓹,usg蓹蕗,u藧sg蓹,u藧sg蓹蕗,u藧蕯sg蓹,u藧蕯sg蓹蕗,ufd,ufd蓹,ufd蓹蕗,usd,usd蓹,usd蓹蕗,u藧sd蓹,u藧sd蓹蕗,u藧s蕯d蓹,u藧s蕯d蓹蕗,u藧蕯,u藧蕯冒,u冒蕯,u冒蕯蓹,u藧蓹,u藧蕯蓹,o,o藧,o藧b蓹,o藧b蓹蕗,o藧蕯b蓹,o藧蕯b蓹蕗,o藧d蓹,o藧d蓹蕗,o藧蕯d蓹,o藧蕯d蓹蕗,o藧g蓹,o藧g蓹蕗,o藧蕯g蓹,o藧蕯g蓹蕗,o藧f蓹,o藧f蓹蕗,o藧蕯f蓹,o藧蕯f蓹蕗,o藧s蓹,o藧s蓹蕗,o藧蕯s蓹,o藧蕯s蓹蕗,o藧sg蓹,o藧sg蓹蕗,o藧蕯sg蓹,o藧蕯sg蓹蕗,o藧sd蓹,o藧sd蓹蕗,o藧蕯sd蓹,o藧蕯sd蓹蕗,o藧蕯,o藧蕯冒,o冒蕯,o冒蕯蓹,o藧蓹,o藧蕯蓹,o,脭藧,脭b,脭b蓹,脭b蓹蕗,脭藧b蓹,脭藧b蓹蕗,脭藧蕯b蓹,脭藧蕯b蓹蕗,脭d,脭d蓹,脭d蓹蕗,脭藧d蓹,脭藧d蓹蕗,脭藧蕯d蓹,脭藧蕯d蓹蕗,脭g,脭g蓹,脭g蓹蕗,脭藧g蓹,脭藧g蓹蕗,脭藧蕯g蓹,脭藧蕯g蓹蕗,脭f,脭f蓹,脭f蓹蕗,脭藧f蓹,脭藧f蓹蕗,脭藧蕯f蓹,脭藧蕯f蓹蕗,脭s,脭s蓹,脭s蓹蕗,脭藧s蓹,脭藧s蓹蕗,脭藧蕯s蓹,脭藧蕯s蓹蕗,脭sg,脭sg蓹,脭sg蓹蕗,脭藧sg蓹,脭藧sg蓹蕗,脭藧蕯sg蓹,脭藧蕯sg蓹蕗,脭fd,脭fd蓹,脭fd蓹蕗,脭sd,脭sd蓹,脭sd蓹蕗,脭藧sd蓹,脭藧sd蓹蕗,脭藧蕯sd蓹,脭藧蕯sd蓹蕗,脭藧蕯,脭藧蕯冒,脭冒蕯,脭冒蕯蓹,蓴蕗,蓴蕗,蓴蕗b蓹,蓴蕗b蓹蕗,蓴蕗蕯b蓹,蓴蕗蕯b蓹蕗,蓴蕗d蓹,蓴蕗d蓹蕗,蓴蕗蕯d蓹,蓴蕗蕯d蓹蕗,蓴蕗g蓹,蓴蕗g蓹蕗,蓴蕗蕯g蓹,蓴蕗蕯g蓹蕗,蓴蕗f蓹,蓴蕗f蓹蕗,蓴蕗蕯f蓹,蓴蕗蕯f蓹蕗,蓴蕗s蓹,蓴蕗s蓹蕗,蓴蕗蕯s蓹,蓴蕗蕯s蓹蕗,蓴蕗sg蓹,蓴蕗sg蓹蕗,蓴蕗蕯sg蓹,蓴蕗蕯sg蓹蕗,蓴蕗sd蓹,蓴蕗sd蓹蕗,蓴蕗蕯sd蓹,蓴蕗蕯sd蓹蕗,蓴藧蕯蕗,蓴藧蕗蓹,蓴藧蕯蕗蓹,i怒,i怒蕯,i藧v,i藧w,i藧蕯v,i藧蕯w,i藧v蓹,i藧v蓹蕗,i蕗,i藧蕯蕗,i蕗蓹,i蕗蕯蓹,i藧蕗蓹,i藧蕯蕗蓹,i蕗v,i蕗v,i蕗蕯v,i蕗蕯w,e怒,e藧蕯w,e藧蕯v,e藧蕯w,e藧v,e藧w,e藧v蓹,e藧v蓹蕗,e藧蕗,e藧蕯蕗,e藧蕗蓹,e藧藔蕗蓹,蔚怒,蔚怒蕯,蔚藧蕯w,蔚藧蕯v,蔚藧v,蔚藧w,蔚藧v蓹,蔚藧v蓹蕗,蔚蕗,蔚蕗蕯,蔚藧蕯蕗,蔚藧蕗蓹,蔚藧藔蕗蓹,蔚沫,a藧蕯v,a藧蕯w,a藧v,a藧w,a藧v蓹,a藧v蓹蕗,蔚蕗,蔚蕗蕯,蔚蕗蓹,蔚蕗蕯蓹,蔚蕗v,蔚蕗w,蔚蕗蕯v,蔚蕗蕯w,蔚蕗v蓹,蔚蕗v蓹蕗,蔚蕗w蓹,蔚蕗w蓹蕗,y怒,y怒蕯,y藧v,y藧w,y藧蕯v,y藧蕯w,y藧v蓹,y藧v蓹蕗,y蕗,y藧蕯蕗,y蕗蓹,y蕗蕯蓹,y藧蕗蓹,y藧蕯蕗蓹,酶怒,酶怒蕯,酶藧蕯w,酶藧蕯v,酶藧v,酶藧v蓹,酶藧v蓹蕗,酶藧蕯蕗,艙怒,艙怒蕯,艙蕗,艙藧蕯蕗,艙藧蕗蓹,艙蕗蓹,艙蕗蕯蓹,艙蕗v,艙蕗w,艙蕗蕯v,艙蕗蕯w,艙蕗v蓹,艙蕗v蓹蕗,艙蕗w蓹,艙蕗w蓹蕗,蕗酶藧v,蕗酶藧w,蕗酶藧v蓹,蕗酶藧v蓹蕗,蕗酶藧w蓹,蕗酶藧w蓹蕗,蕗艙怒,蕗艙怒,蕗艙藧蕯v,蕗艙藧蕯w,蕗艙怒蕯,蓱沫,蓱沫蕯,蓱沫蓹,蓱沫蓹蕗,蓱怒,蓱怒蕯,蓱v蓹,蓱v蓹蕗,蓱w蓹,蓱w蓹蕗,蓱蕗v,蓱蕗w,蓱蕗蕯v,蓱蕗蕯w,蓱藧v蓹,蓱藧v蓹蕗,蓱藧w蓹,蓱藧w蓹蕗,u沫,u沫蕯,u沫蓹,u沫蓹蕗,u蕗,u藧蕯蕗,u蕗蓹,u蕗蕯蓹,u藧蕗蓹,u藧蕯蕗蓹,u蕗v,u蕗w,u蕗蕯v,u蕗蕯w,u蕗蕯v蓹,u蕗蕯v蓹蕗,o藧蕗,o藧蕯蕗,o蕗蕯,o藧蕗蓹,蓴w,蓴w蕯,脭藧蕯w,脭藧蕯v,脭藧v,脭藧w,脭藧v蓹,脭藧v蓹蕗,脭藧w蓹,脭藧w蓹蕗,蓴沫,蓴沫蕯,蓴沫蓹,蓴沫蓹蕗,蓴怒,蓴怒蕯,蓴怒蕯,蓴怒蓹,蓴怒蓹蕗,蓴怒蓹,蓴怒蓹蕗,蓴蕗v,蓴蕗w,蓴藧蕯蕗v,蓴藧蕯蕗w,蓴蕗v蓹,蓴蕗v蓹蕗,蓴蕗w蓹,蓴蕗w蓹蕗
Dania,,font_Dania,ohneX,H,B,;,Z, ,\,[,],.,b,p,d,t,g,k,v,f,P,s,j,S,h,m,mZ,b搂,m搂,mZ搂,mE,m陇,n,nZ,d!,f!,s!,&n,DZ!,/n,lZ!,lEn,n!,nZ!,nE,n陇,nEn,V,VZ,g?,V?,VZ?,V?,V陇,l,lZ,b/,d/,g/,f/,s/,m/,mZ/,n/,nZ/,?/,?Z/,lE,l陇,w,D,DZ,ED,DED,DZED,DE,D陇,DZE,DZ陇,DEDE,r,r,i,ib,ibE,ib陇,id,idE,id陇,ig,ig,ig陇,if,ifE,if陇,is,isE,is陇,isg,isgE,isg陇,ifd,ifdE,ifd陇,isd,isdE,isd陇,i;,i;bE,i;b陇,iZbE,iZb陇,i;dE,i;d陇,iZdE,iZd陇,i;gE,i;g陇,iZgE,iZg陇,i;fE,i;f陇,iZfE,iZf陇,i;sE,i;s陇,iZsE,iZs陇,i;sgE,i;sg陇,iZsgE,iZsg陇,i;sdE,i;sd陇,iZsdE,iZsd陇,iZ,iDZ,iDZ,iDZE,i;E,iZE,e,e;,e;bE,e;b陇,eb,ebE,eb陇,eZbE,eZb陇,e;dE,e;d陇,ed,edE,ed陇,eZdE,eZd陇,e;gE,e;g陇,eg,egE,eg陇,eZgE,eZg陇,ef,efE,ef陇,e;fE,e;f陇,eZfE,eZf陇,esg,esgE,esg陇,e;sgE,e;sg陇,eZsgE,eZsg陇,efd,efdE,efd陇,esd,esdE,esd陇,e;sdE,e;sd陇,eZsdE,eZsd陇,es,esE,es陇,e;sE,e;s陇,eZsE,eZs陇,e;J,eZ,eDZ,eDZE,eDZ,eZJ,e;E,eZE,e;JE,e;J陇,eZJE,eZJ陇,忙,忙;,忙b,忙bE,忙b陇,忙;bE,忙;b陇,忙ZbE,忙Zb陇,忙d,忙dE,忙d陇,忙;dE,忙;d陇,忙ZdE,忙Zd陇,忙g,忙gE,忙g陇,忙;gE,忙;g陇,忙ZgE,忙Zg陇,忙f,忙fE,忙f陇,忙;fE,忙;f陇,忙ZfE,忙Zf陇,忙s,忙sE,忙s陇,忙;sE,忙;s陇,忙ZsE,忙Zs陇,忙sg,忙sgE,忙sg陇,忙;sgE,忙;sg陇,忙ZsgE,忙Zsg陇,忙fd,忙fdE,忙fd陇,忙sd,忙sdE,忙sd陇,忙;sdE,忙;sd陇,忙ZsdE,忙Zsd陇,忙;J,忙Z,忙DZ,忙DZ,忙DZE,忙ZJ,忙;E,忙ZE,忙;JE,忙;J陇,忙ZJE,忙ZJ陇,A;,A;bE,A;b陇,AZbE,AZb陇,A;dE,A;d陇,AZdE,AZd陇,A;gE,A;g陇,AZgE,AZg陇,A;fE,A;f陇,AZfE,AZf陇,A;sE,A;s陇,AZsE,AZs陇,A;sgE,A;sg陇,AZsgE,AZsg陇,A;sdE,A;sd陇,AZsdE,AZsd陇,AZ,ADZ,ADZ,AZJ,A;E,AZE,A;JE,A;J陇,AZJE,AZJ陇,a,rad,radE,rad陇,ra;dE,ra;d陇,ad,adE,ad陇,ras,rasE,ras陇,ra藧sE,ra藧s陇,as,asE,as陇,rafd,rafdE,rafd陇,rasd,rasdE,rasd陇,ra;sdE,ra;sd陇,asd,asdE,asd陇,rasg,rasgE,rasg陇,ra;sgE,ra;sg陇,asg,asgE,asg陇,y,y;,yb,ybE,ybE,y;bE,y;b陇,yZbE,yZb陇,yd,ydE,yd陇,y;dE,y;d陇,yZdE,yZd陇,yg,ygE,yg陇,y;gE,y;g陇,yZgE,yZg陇,yf,yfE,yf陇,y;fE,y;f陇,yZfE,yZf陇,ys,ysE,ys陇,y;sE,y;s陇,yZsE,yZs陇,ysg,ysgE,ysg陇,y;sgE,y;sg陇,yZsgE,yZsg陇,yfd,yfdE,yfd陇,ysd,ysdE,ysd陇,y;sdE,y;sd陇,yZsdE,yZsd陇,yZ,yDZ,yDZ,yDZE,y;E,yZE,酶,酶;,酶b,酶bE,酶b陇,酶;bE,酶;b陇,酶ZbE,酶Zb陇,酶d,酶dE,酶d陇,酶;dE,酶;d陇,酶ZdE,酶Zd陇,酶g,酶gE,酶g陇,酶;gE,酶;g陇,酶ZgE,酶Zg陇,酶f,酶fE,酶f陇,酶;fE,酶;f陇,酶ZfE,酶Zf陇,酶s,酶sE,酶s陇,酶;sE,酶;s陇,酶ZsE,酶Zs陇,酶sg,酶sgE,酶sg陇,酶;sgE,酶;sg陇,酶ZsgE,酶Zsg陇,酶fd,酶fdE,酶fd陇,酶sd,酶sdE,酶sd陇,酶;sdE,酶;sd陇,酶ZsdE,酶Zsd陇,酶;J,酶Z,酶DZ,酶DZ,酶DZE,酶ZJ,酶;E,酶ZE,酶;JE,酶ZJE,脴,脴;,r脴Z,rC,rC;,CDZ,CDZ,CDZE,rCb,rCbE,rCb陇,rC;bE,rC;b陇,rCd,rCdE,rCd陇,rC;dE,rC;d陇,rCg,rCgE,rCg陇,rC;gE,rC;g陇,rCf,rCfE,rCf陇,rC;fE,rC;f陇,rCs,rCsE,rCs陇,rC;sE,rC;s陇,rCsg,rCsgE,rCsg陇,rC;sgE,rC;sg陇,rCfd,rCfdE,rCfd陇,rCsd,rCsdE,rCsd陇,rX,rXb,rXbE,rXb陇,rXdE,rXd陇,rXg,rXgE,rXg陇,rXf,rXfE,rXf陇,rXs,rXsE,rXs陇,rXsg,rXsgE,rXsg陇,rXfd,rXfdE,rXfd陇,rXsd,rXsdE,rXsd陇,E,陇,陇陇,rq,rq,q,q;,qb,qbE,qb陇,q;bE,q;b陇,qZbE,qZb陇,qd,qdE,qd陇,q;dE,q;d陇,qZdE,qZd陇,qg,qgE,qg陇,q;gE,q;g陇,qZgE,qZg陇,qf,qfE,qf陇,q;fE,q;f陇,qZfE,qZf陇,qs,qsE,qs陇,q;sE,q;s陇,qZsE,qZs陇,qsg,qsgE,qsg陇,q;sgE,q;sg陇,qZsgE,qZsg陇,qfd,qfdE,qfd陇,qsd,qsdE,qsd陇,q;sdE,q;sd陇,qZsdE,qZsd陇,qZ,qDZ,qDZ,qDZE,q;q,qZq,cb,cbE,cb陇,cd,cdE,cd陇,cg,cgE,cg陇,cf,cfE,cf陇,cs,csE,cs陇,cfd,cfdE,cfd陇,csd,csdE,csd陇,csg,csgE,csg陇,c,u,u;,ub,ubE,ub陇,u;bE,u;b陇,uZbE,uZb陇,ud,udE,ud陇,u;dE,u;d陇,uZdE,uZd陇,ug,ugE,ug陇,u;gE,u;g陇,uZgE,uZg陇,uf,ufE,uf陇,u;fE,u;f陇,uZfE,uZf陇,us,usE,us陇,u;sE,u;s陇,uZsE,uZs陇,usg,usgE,usg陇,u;sgE,u;sg陇,uZsgE,uZsg陇,ufd,ufdE,ufd陇,usd,usdE,usd陇,u;sdE,u;sd陇,uZsdE,uZsd陇,uZ,uDZ,uDZ,uDZE,u;E,uZE,o,o;,o;bE,o;b陇,oZbE,oZb陇,o;dE,o;d陇,oZdE,oZd陇,o;gE,o;g陇,oZgE,oZg陇,o;fE,o;f陇,oZfE,oZf陇,o;sE,o;s陇,oZsE,oZs陇,o;sgE,o;sg陇,oZsgE,oZsg陇,o;sdE,o;sd陇,oZsdE,oZsd陇,oZ,oDZ,oDZ,oDZE,o;E,oZE,脜,脜;,脜b,脜bE,脜b陇,脜;bE,脜;b陇,脜ZbE,脜Zb陇,脜d,脜dE,脜d陇,脜;dE,脜;d陇,脜ZdE,脜Zd陇,脜g,脜gE,脜g陇,脜;gE,脜;g陇,脜ZgE,脜Zg陇,脜f,脜fE,脜f陇,脜;fE,脜;f陇,脜ZfE,脜Zf陇,脜s,脜sE,脜s陇,脜;sE,脜;s陇,脜ZsE,脜Zs陇,脜sg,脜sgE,脜sg陇,脜;sgE,脜;sg陇,脜ZsgE,脜Zsg陇,脜fd,脜fdE,脜fd陇,脜sd,脜sdE,脜sd陇,脜;sdE,脜;sd陇,脜ZsdE,脜Zsd陇,脜Z,脜DZ,脜DZ,脜DZE,氓,氓,氓;bE,氓;b陇,氓ZbE,氓Zb陇,氓;dE,氓;d陇,氓ZdE,氓Zd陇,氓;gE,氓;g陇,氓ZgE,氓Zg陇,氓;fE,氓;f陇,氓ZfE,氓Zf陇,氓;sE,氓;s陇,氓ZsE,氓Zs陇,氓;sgE,氓;sg陇,氓ZsgE,氓Zsg陇,氓;sdE,氓;sd陇,氓ZsdE,氓Zsd陇,氓Z,氓;氓,氓Z氓,iw,iwZ,iw,iw,iwZ,iwZ,i;wE,i;w陇,iR,iRZ,iR陇,iRZ陇,i;陇,iZ陇,iRw,iRw,iRZw,iRZw,ew,ewZ,ewZ,ewZ,e;w,e;w,e;wE,e;w陇,eR,eRZ,e;陇,eZ陇,忙w,忙wZ,忙wZ,忙wZ,忙w,忙w,忙;wE,忙;w陇,忙R,忙RZ,忙RZ,忙;陇,忙Z陇,忙J,AwZ,AwZ,Aw,Aw,A;wE,A;w陇,AR,ARZ,AR陇,ARZ陇,忙Rw,忙Rw,忙RZw,忙RZw,忙RwE,忙Rw陇,忙RwE,忙Rw陇,yw,ywZ,yw,yw,ywZ,ywZ,y;wE,y;w陇,yR,yRZ,yR陇,yRZ陇,y;陇,yRZw,酶w,酶wZ,酶wZ,酶wZ,酶;w,酶;wE,酶;w陇,酶RZ,脴w,脴wZ,CR,CRZ,C;陇,CR陇,CRZ陇,CRw,CRw,CRZw,CRZw,CRwE,CRw陇,CRwE,CRw陇,rC;w,rC;w,rC;wE,rC;w陇,rC;wE,rC;w陇,rXw,rXw,rXwZ,rXwZ,rXwZ,qJ,qJZ,qJE,qJ陇,qw,qwZ,qwE,qw陇,qwE,qw陇,q;w,q;w,qwZ,qwZ,q;wE,q;w陇,q;wE,q;w陇,uJ,uJZ,uJE,uJ陇,uR,uRZ,uR陇,uRZ陇,u;陇,uZ陇,uRw,uRw,uRZw,uRZw,uRwE,uRw陇,oR,oRZ,oRZ,o;陇,脜w,脜wZ,脜wZ,脜wZ,脜;w,脜;w,脜;wE,脜;w陇,脜;wE,脜;w陇,cJ,cJZ,cJE,cJ陇,氓w,氓wZ,氓w,氓wE,氓w陇,氓wE,氓w陇,氓;w,氓;w,氓;wZ,氓;wZ,氓;wE,氓;w陇,氓;wE,氓;w陇
Dania,SchwaTilgung,font_Dania,ohneX,H,B,;,Z, ,\,[,],.,b,p,d,t,g,k,v,f,P,s,j,S,h,m,mZ,b搂,m搂,mZ搂,m搂,m陇,n,nZ,d!,f!,s!,&n,DZ!,/n,lZ!,lEn,n!,nZ!,n!,n陇,nEn,V,VZ,g?,V?,VZ?,VE,V陇,l,lZ,b/,d/,g/,f/,s/,m/,mZ/,n/,nZ/,?/,?Z/,l/,l陇,w,D,DZ,&,D&,DZ&,&,D陇,DZ&,DZ陇,&&,r,r,i,ib,ib,ib陇,id,id,id陇,ig,ig,ig陇,if,if,if陇,is,is,is陇,isg,isg,isg陇,ifd,ifd,ifd陇,isd,isd,isd陇,i;,i;ib,i;b陇,iZib,iZb陇,i;id,i;d陇,iZid,iZd陇,i;ig,i;g陇,iZig,iZg陇,i;if,i;f陇,iZif,iZf陇,i;is,i;s陇,iZis,iZs陇,i;isg,i;sg陇,iZisg,iZsg陇,i;isd,i;sd陇,iZisd,iZsd陇,iZ,iDZ,iDZ,iDZ&,i;E,iZi,e,e;,e;eb,e;b陇,eb,eb,eb陇,eZeb,eZb陇,e;ed,e;d陇,ed,ed,ed陇,eZed,eZd陇,e;eg,e;g陇,eg,eg,eg陇,eZeg,eZg陇,ef,ef,ef陇,e;ef,e;f陇,eZef,eZf陇,esg,esg,esg陇,e;esg,e;sg陇,eZesg,eZsg陇,efd,efd,efd陇,esd,esd,esd陇,e;esd,e;sd陇,eZesd,eZsd陇,es,es,es陇,e;es,e;s陇,eZes,eZs陇,e;J,eZ,eDZ,eDZ&,eDZ,eZJ,e;E,eZe,e;%,e;J陇,eZ%,eZJ陇,忙,忙;,忙b,忙b,忙b陇,忙;忙b,忙;b陇,忙Z忙b,忙Zb陇,忙d,忙d,忙d陇,忙;忙d,忙;d陇,忙Z忙d,忙Zd陇,忙g,忙g,忙g陇,忙;忙g,忙;g陇,忙Z忙g,忙Zg陇,忙f,忙f,忙f陇,忙;忙f,忙;f陇,忙Z忙f,忙Zf陇,忙s,忙s,忙s陇,忙;忙s,忙;s陇,忙Z忙s,忙Zs陇,忙sg,忙sg,忙sg陇,忙;忙sg,忙;sg陇,忙Z忙sg,忙Zsg陇,忙fd,忙fd,忙fd陇,忙sd,忙sd,忙sd陇,忙;忙sd,忙;sd陇,忙Z忙sd,忙Zsd陇,忙;J,忙Z,忙DZ,忙DZ,忙DZ&,忙ZJ,忙;忙,忙Z忙,忙;%,忙;J陇,忙Z%,忙ZJ陇,A;,A;Ab,A;b陇,AZAb,AZb陇,A;Ad,A;d陇,AZAd,AZd陇,A;Ag,A;g陇,AZAg,AZg陇,A;Af,A;f陇,AZAf,AZf陇,A;As,A;s陇,AZAs,AZs陇,A;Asg,A;sg陇,AZAsg,AZsg陇,A;Asd,A;sd陇,AZAsd,AZsd陇,AZ,ADZ,ADZ,AZJ,A;A,AZA,A;%,A;J陇,AZ%,AZJ陇,a,rad,rad,rad陇,ra;ad,ra;d陇,ad,ad,ad陇,ras,ras,ras陇,ra藧s,ra藧s陇,as,as,as陇,rafd,rafd,rafd陇,rasd,rasd,rasd陇,ra;asd,ra;sd陇,asd,asd,asd陇,rasg,rasg,rasg陇,ra;asg,ra;sg陇,asg,asg,asg陇,y,y;,yb,yb,yb,y;yb,y;b陇,yZyb,yZb陇,yd,yd,yd陇,y;yd,y;d陇,yZyd,yZd陇,yg,yg,yg陇,y;yg,y;g陇,yZyg,yZg陇,yf,yf,yf陇,y;yf,y;f陇,yZyf,yZf陇,ys,ys,ys陇,y;ys,y;s陇,yZys,yZs陇,ysg,ysg,ysg陇,y;ysg,y;sg陇,yZysg,yZsg陇,yfd,yfd,yfd陇,ysd,ysd,ysd陇,y;ysd,y;sd陇,yZysd,yZsd陇,yZ,yDZ,yDZ,yDZ&,y;y,yZy,酶,酶;,酶b,酶b,酶b陇,酶;酶b,酶;b陇,酶Z酶b,酶Zb陇,酶d,酶d,酶d陇,酶;酶d,酶;d陇,酶Z酶d,酶Zd陇,酶g,酶g,酶g陇,酶;酶g,酶;g陇,酶Z酶g,酶Zg陇,酶f,酶f,酶f陇,酶;酶f,酶;f陇,酶Z酶f,酶Zf陇,酶s,酶s,酶s陇,酶;酶s,酶;s陇,酶Z酶s,酶Zs陇,酶sg,酶sg,酶sg陇,酶;酶sg,酶;sg陇,酶Z酶sg,酶Zsg陇,酶fd,酶fd,酶fd陇,酶sd,酶sd,酶sd陇,酶;酶sd,酶;sd陇,酶Z酶sd,酶Zsd陇,酶;J,酶Z,酶DZ,酶DZ,酶DZ&,酶ZJ,酶;酶,酶Z酶,酶;%,酶Z%,脴,脴;,r脴Z,rC,rC;,CDZ,CDZ,CDZ&,rCb,rCb,rCb陇,rC;Cb,rC;b陇,rCd,rCd,rCd陇,rC;Cd,rC;d陇,rCg,rCg,rCg陇,rC;Cg,rC;g陇,rCf,rCf,rCf陇,rC;Cf,rC;f陇,rCs,rCs,rCs陇,rC;Cs,rC;s陇,rCsg,rCsg,rCsg陇,rC;Csg,rC;sg陇,rCfd,rCfd,rCfd陇,rCsd,rCsd,rCsd陇,rX,rXb,rXb,rXb陇,rXd,rXd陇,rXg,rXg,rXg陇,rXf,rXf,rXf陇,rXs,rXs,rXs陇,rXsg,rXsg,rXsg陇,rXfd,rXfd,rXfd陇,rXsd,rXsd,rXsd陇,E,陇,陇陇,rq,rq,q,q;,qb,qb,qb陇,q;qb,q;b陇,qZqb,qZb陇,qd,qd,qd陇,q;qd,q;d陇,qZqd,qZd陇,qg,qg,qg陇,q;qg,q;g陇,qZqg,qZg陇,qf,qf,qf陇,q;qf,q;f陇,qZqf,qZf陇,qs,qs,qs陇,q;qs,q;s陇,qZqs,qZs陇,qsg,qsg,qsg陇,q;qsg,q;sg陇,qZqsg,qZsg陇,qfd,qfd,qfd陇,qsd,qsd,qsd陇,q;qsd,q;sd陇,qZqsd,qZsd陇,qZ,qDZ,qDZ,qDZ&,q;q,qZq,cb,cb,cb陇,cd,cd,cd陇,cg,cg,cg陇,cf,cf,cf陇,cs,cs,cs陇,cfd,cfdE,cfd陇,csd,csdE,csd陇,csg,csgE,csg陇,c,u,u;,ub,ub,ub陇,u;ub,u;b陇,uZub,uZb陇,ud,ud,ud陇,u;ud,u;d陇,uZud,uZd陇,ug,ug,ug陇,u;ug,u;g陇,uZug,uZg陇,uf,uf,uf陇,u;uf,u;f陇,uZuf,uZf陇,us,us,us陇,u;us,u;s陇,uZus,uZs陇,usg,usg,usg陇,u;usg,u;sg陇,uZusg,uZsg陇,ufd,ufd,ufd陇,usd,usd,usd陇,u;usd,u;sd陇,uZusd,uZsd陇,uZ,uDZ,uDZ,uDZ&,u;u,uZu,o,o;,o;ob,o;b陇,oZob,oZb陇,o;od,o;d陇,oZod,oZd陇,o;og,o;g陇,oZog,oZg陇,o;of,o;f陇,oZof,oZf陇,o;os,o;s陇,oZos,oZs陇,o;osg,o;sg陇,oZosg,oZsg陇,o;osd,o;sd陇,oZosd,oZsd陇,oZ,oDZ,oDZ,oDZ&,o;o,oZo,脜,脜;,脜b,脜b,脜b陇,脜;脜b,脜;b陇,脜Z脜b,脜Zb陇,脜d,脜d,脜d陇,脜;脜d,脜;d陇,脜Z脜d,脜Zd陇,脜g,脜g,脜g陇,脜;脜g,脜;g陇,脜Z脜g,脜Zg陇,脜f,脜f,脜f陇,脜;脜f,脜;f陇,脜Z脜f,脜Zf陇,脜s,脜s,脜s陇,脜;脜s,脜;s陇,脜Z脜s,脜Zs陇,脜sg,脜sg,脜sg陇,脜;脜sg,脜;sg陇,脜Z脜sg,脜Zsg陇,脜fd,脜fd,脜fd陇,脜sd,脜sd,脜sd陇,脜;脜sd,脜;sd陇,脜Z脜sd,脜Zsd陇,脜Z,脜DZ,脜DZ,脜DZ&,氓,氓;,氓;氓b,氓;b陇,氓Z氓b,氓Zb陇,氓;氓d,氓;d陇,氓Z氓d,氓Zd陇,氓;氓g,氓;g陇,氓Z氓g,氓Zg陇,氓;氓f,氓;f陇,氓Z氓f,氓Zf陇,氓;氓s,氓;s陇,氓Z氓s,氓Zs陇,氓;氓sg,氓;sg陇,氓Z氓sg,氓Zsg陇,氓;氓sd,氓;sd陇,氓Z氓sd,氓Zsd陇,氓Z,氓;氓,氓Z氓,iw,iwZ,iw,iw,iwZ,iwZ,i;#,i;w陇,iR,iRZ,iR陇,iRZ陇,i;陇,iZ陇,iRw,iRw,iRZw,iRZw,ew,ewZ,ewZ,ewZ,e;w,e;w,e;#,e;w陇,eR,eRZ,e;陇,eZ陇,忙w,忙wZ,忙wZ,忙wZ,忙w,忙w,忙;#,忙;w陇,忙R,忙RZ,忙RZ,忙;陇,忙Z陇,忙J,AwZ,AwZ,Aw,Aw,A;#,A;w陇,AR,ARZ,AR陇,ARZ陇,忙Rw,忙Rw,忙RZw,忙RZw,忙R#,忙Rw陇,忙R#,忙Rw陇,yw,ywZ,yw,yw,ywZ,ywZ,y;#,y;w陇,yR,yRZ,yR陇,yRZ陇,y;陇,yRZw,酶w,酶wZ,酶wZ,酶wZ,酶;w,酶;w,酶;w陇,酶RZ,脴w,脴wZ,CR,CRZ,C;陇,CR陇,CRZ陇,CRw,CRw,CRZw,CRZw,CR#,CRw陇,CR#,CRw陇,rC;w,rC;w,rC;#,rC;w陇,rC;#,rC;w陇,rXw,rXw,rXwZ,rXwZ,rXwZ,qJ,qJZ,q%,qJ陇,qw,qwZ,q#,qw陇,q#,qw陇,q;w,q;w,qwZ,qwZ,q;#,q;w陇,q;#,q;w陇,uJ,uJZ,u%,uJ陇,uR,uRZ,uR陇,uRZ陇,u;陇,uZ陇,uRw,uRw,uRZw,uRZw,uR#,uRw陇,oR,oRZ,orZ,o;陇,脜w,脜wZ,脜wZ,脜wZ,脜;w,脜;w,脜;#,脜;w陇,脜;#,脜;w陇,cJ,cJZ,c%,cJ陇,氓w,氓wZ,氓w,氓#,氓w陇,氓#,氓w陇,氓;w,氓;w,氓;wZ,氓;wZ,氓;#,氓;w陇,氓;#,氓;w陇
Huskeord,,font_Sans,ohneX,藞,藢,藧,藔, ,/,[,],.,(Bold),(Post),(Dansk),(Tak),(Gul),(Kaffe),(Ven),(Fugl),(THriller),(Suppe),(Jakke),(CHok),(Hus),(Mand),(Mand)藔,(Bold)(Mand),(Mand)藧,(Mand)藧藔,(Mand)(allE),(Mand)(computER),(N忙se),(N忙se)藔,(Dansk)(N忙se),(Fugl)(N忙se),(Suppe)(N忙se),(maD)藧(N忙se),(maD)藔(N忙se),(Luft)(N忙se),(Luft)藔(N忙se),(Luft)(allE)(N忙se),(N忙se)藧,(N忙se)藧藔,(N忙se)(allE),(N忙se)(computER),(N忙se)(allE)(N忙se),(saNGer),(saNGer)藔,(Gul)(saNGer),(saNGer)藧,(saNGer)藧藔,(saNGer)(allE),(saNGer)(computER),(Luft),(Luft)藔,(Bold)(Luft),(Dansk)(Luft),(Gul)(Luft),(Fugl)(Luft),(Suppe)(Luft),(Mand)(Luft),(Mand)藔(Luft),(N忙se)(Luft),(N忙se)藔(Luft),(saNGer)(Luft),(saNGer)藔(Luft),(Luft)(allE),(Luft)(computER),(WHisky),(maD),(maD)藔,(maD),(maD)(allE)(maD),(maD)藔(allE)(maD),(maD)(allE),(maD)(computER),(maD)藔(allE),(maD)藔(computER),(maD)(allE)(maD)(allE),(Research),(Rulle),(vIse),(vIse)(Bold),(vIse)(Bold)(allE),(vIse)(Bold)(computER),(vIse)(Dansk),(vIse)(Dansk)(allE),(vIse)(Dansk)(computER),(vIse)(Gul),(vIse)(Gul)(allE),(vIse)(Gul)(computER),(vIse)(Fugl),(vIse)(Fugl)(allE),(vIse)(Fugl)(computER),(vIse)(Suppe)(allE),(vIse)(Suppe)(allE),(vIse)(Suppe)(computER),(vIse)(Suppe)(Gul),(vIse)(Suppe)(Gul)(allE),(vIse)(Suppe)(Gul)(computER),(vIse)(Fugl)(Dansk),(vIse)(Fugl)(Dansk)(allE),(vIse)(Fugl)(Dansk)(computER),(vIse)(Suppe)(Dansk),(vIse)(Suppe)(Dansk)(allE),(vIse)(Suppe)(Dansk)(computER),(vIse)藧,(vIse)藧(Bold)(allE),(vIse)藧(Bold)(computER),(vIse)藧藔(Bold)(allE),(vIse)藧藔(Bold)(computER),(vIse)藧(Dansk)(allE),(vIse)藧(Dansk)(computER),(vIse)藧藔(Dansk)(allE),(vIse)藧藔(Dansk)(computER),(vIse)藧(Gul)(allE),(vIse)藧(Gul)(computER),(vIse)藧藔(Gul)(allE),(vIse)藧藔(Gul)(computER),(vIse)藧(Fugl)(allE),(vIse)藧(Fugl)(computER),(vIse)藧藔(Fugl)(allE),(vIse)藧藔(Fugl)(computER),(vIse)藧(Suppe)(allE),(vIse)藧(Suppe)(computER),(vIse)藧藔(Suppe)(allE),(vIse)藧藔(Suppe)(computER),(vIse)藧(Suppe)(Gul)(allE),(vIse)藧(Suppe)(Gul)(computER),(vIse)藧藔(Suppe)(Gul)(allE),(vIse)藧藔(Suppe)(Gul)(computER),(vIse)藧(Suppe)(Dansk)(allE),(vIse)藧(Suppe)(Dansk)(computER),(vIse)藧藔(Suppe)(Dansk)(allE),(vIse)藧藔(Suppe)(Dansk)(computER),(vIse)藧藔,(vIse)(maD)藔,(vIse)(maD)藔,(vIse)(maD)藔(allE),(vIse)藧(allE),(vIse)藧藔(allE),(dEle),(dEle)藧,(dEle)藧(Bold)(allE),(dEle)藧(Bold)(computER),(dEle)(Bold),(dEle)(Bold)(allE),(dEle)(Bold)(computER),(dEle)藧藔(Bold)(allE),(dEle)藧藔(Bold)(computER),(dEle)藧(Dansk)(allE),(dEle)藧(Dansk)(computER),(dEle)(Dansk),(dEle)(Dansk)(allE),(dEle)(Dansk)(computER),(dEle)藧藔(Dansk)(allE),(dEle)藧藔(Dansk)(computER),(dEle)藧(Gul)(allE),(dEle)藧(Gul)(computER),(dEle)(Gul),(dEle)(Gul)(allE),(dEle)(Gul)(computER),(dEle)藧藔(Gul)(allE),(dEle)藧藔(Gul)(computER),(dEle)(Fugl),(dEle)(Fugl)(allE),(dEle)(Fugl)(computER),(dEle)藧(Fugl)(allE),(dEle)藧(Fugl)(computER),(dEle)藧藔(Fugl)(allE),(dEle)藧藔(Fugl)(computER),(dEle)(Suppe)(Gul),(dEle)(Suppe)(Gul)(allE),(dEle)(Suppe)(Gul)(computER),(dEle)藧(Suppe)(Gul)(allE),(dEle)藧(Suppe)(Gul)(computER),(dEle)藧藔(Suppe)(Gul)(allE),(dEle)藧藔(Suppe)(Gul)(computER),(dEle)(Fugl)(Dansk),(dEle)(Fugl)(Dansk)(allE),(dEle)(Fugl)(Dansk)(computER),(dEle)(Suppe)(Dansk),(dEle)(Suppe)(Dansk)(allE),(dEle)(Suppe)(Dansk)(computER),(dEle)藧(Suppe)(Dansk)(allE),(dEle)藧(Suppe)(Dansk)(computER),(dEle)藧藔(Suppe)(Dansk)(allE),(dEle)藧藔(Suppe)(Dansk)(computER),(dEle)(Suppe),(dEle)(Suppe)(allE),(dEle)(Suppe)(computER),(dEle)藧(Suppe)(allE),(dEle)藧(Suppe)(computER),(dEle)藧藔(Suppe)(allE),(dEle)藧藔(Suppe)(computER),(dEle)藧,(dEle)藧藔,(dEle)(maD)藔,(dEle)(maD)藔(allE),(dEle)(maD)藔,(dEle)藧藔,(dEle)藧(allE),(dEle)藧藔(allE),(dEle)藧(allE),(dEle)藧(computER),(dEle)藧藔(allE),(dEle)藧藔(computER),(l脝ser),(l脝ser)藧,(l脝ser)(Bold),(l脝ser)(Bold)(allE),(l脝ser)(Bold)(computER),(l脝ser)藧(Bold)(allE),(l脝ser)藧(Bold)(computER),(l脝ser)藧藔(Bold)(allE),(l脝ser)藧藔(Bold)(computER),(l脝ser)(Dansk),(l脝ser)(Dansk)(allE),(l脝ser)(Dansk)(computER),(l脝ser)藧(Dansk)(allE),(l脝ser)藧(Dansk)(computER),(l脝ser)藧藔(Dansk)(allE),(l脝ser)藧藔(Dansk)(computER),(l脝ser)(Gul),(l脝ser)(Gul)(allE),(l脝ser)(Gul)(computER),(l脝ser)藧(Gul)(allE),(l脝ser)藧(Gul)(computER),(l脝ser)藧藔(Gul)(allE),(l脝ser)藧藔(Gul)(computER),(l脝ser)(Fugl),(l脝ser)(Fugl)(allE),(l脝ser)(Fugl)(computER),(l脝ser)藧(Fugl)(allE),(l脝ser)藧(Fugl)(computER),(l脝ser)藧藔(Fugl)(allE),(l脝ser)藧藔(Fugl)(computER),(l脝ser)(Suppe),(l脝ser)(Suppe)(allE),(l脝ser)(Suppe)(computER),(l脝ser)藧(Suppe)(allE),(l脝ser)藧(Suppe)(computER),(l脝ser)藧藔(Suppe)(allE),(l脝ser)藧藔(Suppe)(computER),(l脝ser)(Suppe)(Gul),(l脝ser)(Suppe)(Gul)(allE),(l脝ser)(Suppe)(Gul)(computER),(l脝ser)藧(Suppe)(Gul)(allE),(l脝ser)藧(Suppe)(Gul)(computER),(l脝ser)藧藔(Suppe)(Gul)(allE),(l脝ser)藧藔(Suppe)(Gul)(computER),(l脝ser)(Fugl)(Dansk),(l脝ser)(Fugl)(Dansk)(allE),(l脝ser)(Fugl)(Dansk)(computER),(l脝ser)(Suppe)(Dansk),(l脝ser)(Suppe)(Dansk)(allE),(l脝ser)(Suppe)(Dansk)(computER),(l脝ser)藧(Suppe)(Dansk)(allE),(l脝ser)藧(Suppe)(Dansk)(computER),(l脝ser)藧藔(Suppe)(Dansk)(allE),(l脝ser)藧藔(Suppe)(Dansk)(computER),(l脝ser)藧,(l脝ser)藧藔,(l脝ser)(maD)藔,(l脝ser)(maD)藔,(l脝ser)(maD)藔(allE),(l脝ser)藧藔,(l脝ser)藧(allE),(l脝ser)藧藔(allE),(l脝ser)藧(allE),(l脝ser)藧(computER),(l脝ser)藧藔(allE),(l脝ser)藧藔(computER),(nAbo)藧,(nAbo)藧(Bold)(allE),(nAbo)藧(Bold)(computER),(nAbo)藧藔(Bold)(allE),(nAbo)藧藔(Bold)(computER),(nAbo)藧(Dansk)(allE),(nAbo)藧(Dansk)(computER),(nAbo)藧藔(Dansk)(allE),(nAbo)藧藔(Dansk)(computER),(nAbo)藧(Gul)(allE),(nAbo)藧(Gul)(computER),(nAbo)藧藔(Gul)(allE),(nAbo)藧藔(Gul)(computER),(nAbo)藧(Fugl)(allE),(nAbo)藧(Fugl)(computER),(nAbo)藧藔(Fugl)(allE),(nAbo)藧藔(Fugl)(computER),(nAbo)藧(Suppe)(allE),(nAbo)藧(Suppe)(computER),(nAbo)藧藔(Suppe)(allE),(nAbo)藧藔(Suppe)(computER),(nAbo)藧(Suppe)(Gul)(allE),(nAbo)藧(Suppe)(Gul)(computER),(nAbo)藧藔(Suppe)(Gul)(allE),(nAbo)藧藔(Suppe)(Gul)(computER),(nAbo)藧(Suppe)(Dansk)(allE),(nAbo)藧(Suppe)(Dansk)(computER),(nAbo)藧藔(Suppe)(Dansk)(allE),(nAbo)藧藔(Suppe)(Dansk)(computER),(nAbo)藧藔,(nAbo)(maD)藔,(nAbo)(maD)藔,(nAbo)藧藔,(nAbo)藧(allE),(nAbo)藧藔(allE),(nAbo)藧(allE),(nAbo)藧(computER),(nAbo)藧藔(allE),(nAbo)藧藔(computER),(kAt),(Rulle)(prAle)(Dansk),(Rulle)(prAle)(Dansk)(allE),(Rulle)(prAle)(Dansk)(computER),(Rulle)(prAle)藧(Dansk)(allE),(Rulle)(prAle)藧(Dansk)(computER),(kAt)(Dansk),(kAt)(Dansk)(allE),(kAt)(Dansk)(computER),(Rulle)(prAle)(Suppe),(Rulle)(prAle)(Suppe)(allE),(Rulle)(prAle)(Suppe)(computER),(Rulle)(prAle)藧(Suppe)(allE),(Rulle)(prAle)藧(Suppe)(computER),(kAt)(Suppe),(kAt)(Suppe)(allE),(kAt)(Suppe)(computER),(Rulle)(prAle)(Fugl)(Dansk),(Rulle)(prAle)(Fugl)(Dansk)(allE),(Rulle)(prAle)(Fugl)(Dansk)(computER),(Rulle)(prAle)(Suppe)(Dansk),(Rulle)(prAle)(Suppe)(Dansk)(allE),(Rulle)(prAle)(Suppe)(Dansk)(computER),(Rulle)(prAle)藧(Suppe)(Dansk)(allE),(Rulle)(prAle)藧(Suppe)(Dansk)(computER),(kAt)(Suppe)(Dansk),(kAt)(Suppe)(Dansk)(allE),(kAt)(Suppe)(Dansk)(computER),(Rulle)(prAle)(Suppe)(Gul),(Rulle)(prAle)(Suppe)(Gul)(allE),(Rulle)(prAle)(Suppe)(Gul)(computER),(Rulle)(prAle)藧(Suppe)(Gul)(allE),(Rulle)(prAle)藧(Suppe)(Gul)(computER),(kAt)(Suppe)(Gul),(kAt)(Suppe)(Gul)(allE),(kAt)(Suppe)(Gul)(computER),(nYlig),(nYlig)藧,(nYlig)(Bold),(nYlig)(Bold)(allE),(nYlig)(Bold)(allE),(nYlig)藧(Bold)(allE),(nYlig)藧(Bold)(computER),(nYlig)藧藔(Bold)(allE),(nYlig)藧藔(Bold)(computER),(nYlig)(Dansk),(nYlig)(Dansk)(allE),(nYlig)(Dansk)(computER),(nYlig)藧(Dansk)(allE),(nYlig)藧(Dansk)(computER),(nYlig)藧藔(Dansk)(allE),(nYlig)藧藔(Dansk)(computER),(nYlig)(Gul),(nYlig)(Gul)(allE),(nYlig)(Gul)(computER),(nYlig)藧(Gul)(allE),(nYlig)藧(Gul)(computER),(nYlig)藧藔(Gul)(allE),(nYlig)藧藔(Gul)(computER),(nYlig)(Fugl),(nYlig)(Fugl)(allE),(nYlig)(Fugl)(computER),(nYlig)藧(Fugl)(allE),(nYlig)藧(Fugl)(computER),(nYlig)藧藔(Fugl)(allE),(nYlig)藧藔(Fugl)(computER),(nYlig)(Suppe),(nYlig)(Suppe)(allE),(nYlig)(Suppe)(computER),(nYlig)藧(Suppe)(allE),(nYlig)藧(Suppe)(computER),(nYlig)藧藔(Suppe)(allE),(nYlig)藧藔(Suppe)(computER),(nYlig)(Suppe)(Gul),(nYlig)(Suppe)(Gul)(allE),(nYlig)(Suppe)(Gul)(computER),(nYlig)藧(Suppe)(Gul)(allE),(nYlig)藧(Suppe)(Gul)(computER),(nYlig)藧藔(Suppe)(Gul)(allE),(nYlig)藧藔(Suppe)(Gul)(computER),(nYlig)(Fugl)(Dansk),(nYlig)(Fugl)(Dansk)(allE),(nYlig)(Fugl)(Dansk)(computER),(nYlig)(Suppe)(Dansk),(nYlig)(Suppe)(Dansk)(allE),(nYlig)(Suppe)(Dansk)(computER),(nYlig)藧(Suppe)(Dansk)(allE),(nYlig)藧(Suppe)(Dansk)(computER),(nYlig)藧藔(Suppe)(Dansk)(allE),(nYlig)藧藔(Suppe)(Dansk)(computER),(nYlig)藧藔,(nYlig)(maD)藔,(nYlig)(maD)藔,(nYlig)(maD)藔(allE),(nYlig)藧(allE),(nYlig)藧藔(allE),(k脴lig),(k脴lig)藧,(k脴lig)(Bold),(k脴lig)(Bold)(allE),(k脴lig)(Bold)(computER),(k脴lig)藧(Bold)(allE),(k脴lig)藧(Bold)(computER),(k脴lig)藧藔(Bold)(allE),(k脴lig)藧藔(Bold)(computER),(k脴lig)(Dansk),(k脴lig)(Dansk)(allE),(k脴lig)(Dansk)(computER),(k脴lig)藧(Dansk)(allE),(k脴lig)藧(Dansk)(computER),(k脴lig)藧藔(Dansk)(allE),(k脴lig)藧藔(Dansk)(computER),(k脴lig)(Gul),(k脴lig)(Gul)(allE),(k脴lig)(Gul)(computER),(k脴lig)藧(Gul)(allE),(k脴lig)藧(Gul)(computER),(k脴lig)藧藔(Gul)(allE),(k脴lig)藧藔(Gul)(computER),(k脴lig)(Fugl),(k脴lig)(Fugl)(allE),(k脴lig)(Fugl)(computER),(k脴lig)藧(Fugl)(allE),(k脴lig)藧(Fugl)(computER),(k脴lig)藧藔(Fugl)(allE),(k脴lig)藧藔(Fugl)(computER),(k脴lig)(Suppe),(k脴lig)(Suppe)(allE),(k脴lig)(Suppe)(computER),(k脴lig)藧(Suppe)(allE),(k脴lig)藧(Suppe)(computER),(k脴lig)藧藔(Suppe)(allE),(k脴lig)藧藔(Suppe)(computER),(k脴lig)(Suppe)(Gul),(k脴lig)(Suppe)(Gul)(allE),(k脴lig)(Suppe)(Gul)(computER),(k脴lig)藧(Suppe)(Gul)(allE),(k脴lig)藧(Suppe)(Gul)(computER),(k脴lig)藧藔(Suppe)(Gul)(allE),(k脴lig)藧藔(Suppe)(Gul)(computER),(k脴lig)(Fugl)(Dansk),(k脴lig)(Fugl)(Dansk)(allE),(k脴lig)(Fugl)(Dansk)(computER),(k脴lig)(Suppe)(Dansk),(k脴lig)(Suppe)(Dansk)(allE),(k脴lig)(Suppe)(Dansk)(computER),(k脴lig)藧(Suppe)(Dansk)(allE),(k脴lig)藧(Suppe)(Dansk)(computER),(k脴lig)藧藔(Suppe)(Dansk)(allE),(k脴lig)藧藔(Suppe)(Dansk)(computER),(k脴lig)藧,(k脴lig)藧藔,(k脴lig)(maD)藔,(k脴lig)(maD)藔,(k脴lig)(maD)藔(allE),(k脴lig)藧藔,(k脴lig)藧(allE),(k脴lig)藧藔(allE),(k脴lig)藧(allE),(k脴lig)藧藔(allE),(h脴ne),(h脴ne)藧,(Rulle)(h脴ne)藧藔,(Rulle)(r脴be),(Rulle)(r脴be)藧,(Rulle)(r脴be)(maD)藔,(Rulle)(r脴be)(maD)藔,(Rulle)(r脴be)(maD)藔(allE),(Rulle)(r脴be)(Bold),(Rulle)(r脴be)(Bold)(allE),(Rulle)(r脴be)(Bold)(computER),(Rulle)(r脴be)藧(Bold)(allE),(Rulle)(r脴be)藧(Bold)(computER),(Rulle)(r脴be)(Dansk),(Rulle)(r脴be)(Dansk)(allE),(Rulle)(r脴be)(Dansk)(computER),(Rulle)(r脴be)藧(Dansk)(allE),(Rulle)(r脴be)藧(Dansk)(computER),(Rulle)(r脴be)(Gul),(Rulle)(r脴be)(Gul)(allE),(Rulle)(r脴be)(Gul)(computER),(Rulle)(r脴be)藧(Gul)(allE),(Rulle)(r脴be)藧(Gul)(computER),(Rulle)(r脴be)(Fugl),(Rulle)(r脴be)(Fugl)(allE),(Rulle)(r脴be)(Fugl)(computER),(Rulle)(r脴be)藧(Fugl)(allE),(Rulle)(r脴be)藧(Fugl)(computER),(Rulle)(r脴be)(Suppe),(Rulle)(r脴be)(Suppe)(allE),(Rulle)(r脴be)(Suppe)(computER),(Rulle)(r脴be)藧(Suppe)(allE),(Rulle)(r脴be)藧(Suppe)(computER),(Rulle)(r脴be)(Suppe)(Gul)(allE),(Rulle)(r脴be)(Suppe)(Gul)(allE),(Rulle)(r脴be)(Suppe)(Gul)(computER),(Rulle)(r脴be)藧(Suppe)(Gul)(allE),(Rulle)(r脴be)藧(Suppe)(Gul)(computER),(Rulle)(r脴be)(Fugl)(Dansk),(Rulle)(r脴be)(Fugl)(Dansk)(allE),(Rulle)(r脴be)(Fugl)(Dansk)(computER),(Rulle)(r脴be)(Suppe)(Dansk),(Rulle)(r脴be)(Suppe)(Dansk)(allE),(Rulle)(r脴be)(Suppe)(Dansk)(computER),(Rulle)(gr脴n),(Rulle)(gr脴n)(Bold),(Rulle)(gr脴n)(Bold)(allE),(Rulle)(gr脴n)(Bold)(computER),(Rulle)(gr脴n)(Dansk)(allE),(Rulle)(gr脴n)(Dansk)(computER),(Rulle)(gr脴n)(Gul),(Rulle)(gr脴n)(Gul)(allE),(Rulle)(gr脴n)(Gul)(computER),(Rulle)(gr脴n)(Fugl),(Rulle)(gr脴n)(Fugl)(allE),(Rulle)(gr脴n)(Fugl)(computER),(Rulle)(gr脴n)(Suppe),(Rulle)(gr脴n)(Suppe)(allE),(Rulle)(gr脴n)(Suppe)(computER),(Rulle)(gr脴n)(Suppe)(Gul),(Rulle)(gr脴n)(Suppe)(Gul)(allE),(Rulle)(gr脴n)(Suppe)(Gul)(computER),(Rulle)(gr脴n)(Fugl)(Dansk),(Rulle)(gr脴n)(Fugl)(Dansk)(allE),(Rulle)(gr脴n)(Fugl)(Dansk)(computER),(Rulle)(gr脴n)(Suppe)(Dansk),(Rulle)(gr脴n)(Suppe)(Dansk)(allE),(Rulle)(gr脴n)(Suppe)(Dansk)(computER),(allE),(computER),(computER)藧藧,(Rulle)(prAle),(Rulle)(prAle),(prAle),(prAle)藧,(prAle)(Bold),(prAle)(Bold)(allE),(prAle)(Bold)(computER),(prAle)藧(Bold)(allE),(prAle)藧(Bold)(computER),(prAle)藧藔(Bold)(allE),(prAle)藧藔(Bold)(computER),(prAle)(Dansk),(prAle)(Dansk)(allE),(prAle)(Dansk)(computER),(prAle)藧(Dansk)(allE),(prAle)藧(Dansk)(computER),(prAle)藧藔(Dansk)(allE),(prAle)藧藔(Dansk)(computER),(prAle)(Gul),(prAle)(Gul)(allE),(prAle)(Gul)(computER),(prAle)藧(Gul)(allE),(prAle)藧(Gul)(computER),(prAle)藧藔(Gul)(allE),(prAle)藧藔(Gul)(computER),(prAle)(Fugl),(prAle)(Fugl)(allE),(prAle)(Fugl)(computER),(prAle)藧(Fugl)(allE),(prAle)藧(Fugl)(computER),(prAle)藧藔(Fugl)(allE),(prAle)藧藔(Fugl)(computER),(prAle)(Suppe),(prAle)(Suppe)(allE),(prAle)(Suppe)(computER),(prAle)藧(Suppe)(allE),(prAle)藧(Suppe)(computER),(prAle)藧藔(Suppe)(allE),(prAle)藧藔(Suppe)(computER),(prAle)(Suppe)(Gul),(prAle)(Suppe)(Gul)(allE),(prAle)(Suppe)(Gul)(computER),(prAle)藧(Suppe)(Gul)(allE),(prAle)藧(Suppe)(Gul)(computER),(prAle)藧藔(Suppe)(Gul)(allE),(prAle)藧藔(Suppe)(Gul)(computER),(prAle)(Fugl)(Dansk),(prAle)(Fugl)(Dansk)(allE),(prAle)(Fugl)(Dansk)(computER),(prAle)(Suppe)(Dansk),(prAle)(Suppe)(Dansk)(allE),(prAle)(Suppe)(Dansk)(computER),(prAle)藧(Suppe)(Dansk)(allE),(prAle)藧(Suppe)(Dansk)(computER),(prAle)藧藔(Suppe)(Dansk)(allE),(prAle)藧藔(Suppe)(Dansk)(computER),(prAle)藧藔,(prAle)(maD)藔,(prAle)(maD)藔,(prAle)(maD)藔(allE),(prAle)藧藧,(prAle)藧藧藔,(b脜nd)(Bold),(b脜nd)(Bold)(allE),(b脜nd)(Bold)(computER),(b脜nd)(Dansk),(b脜nd)(Dansk)(allE),(b脜nd)(Dansk)(computER),(b脜nd)(Gul),(b脜nd)(Gul)(allE),(b脜nd)(Gul)(computER),(b脜nd)(Fugl),(b脜nd)(Fugl)(allE),(b脜nd)(Fugl)(computER),(b脜nd)(Suppe),(b脜nd)(Suppe)(allE),(b脜nd)(Suppe)(computER),(b脜nd)(Fugl)(Dansk),(b脜nd)(Fugl)(Dansk)(allE),(b脜nd)(Fugl)(Dansk)(computER),(b脜nd)(Suppe)(Dansk),(b脜nd)(Suppe)(Dansk)(allE),(b脜nd)(Suppe)(Dansk)(computER),(b脜nd)(Suppe)(Gul),(b脜nd)(Suppe)(Gul)(allE),(b脜nd)(Suppe)(Gul)(computER),(b脜nd),(smUle),(smUle)藧,(smUle)(Bold),(smUle)(Bold)(allE),(smUle)(Bold)(computER),(smUle)藧(Bold)(allE),(smUle)藧(Bold)(computER),(smUle)藧藔(Bold)(allE),(smUle)藧藔(Bold)(computER),(smUle)(Dansk),(smUle)(Dansk)(allE),(smUle)(Dansk)(computER),(smUle)藧(Dansk)(allE),(smUle)藧(Dansk)(computER),(smUle)藧藔(Dansk)(allE),(smUle)藧藔(Dansk)(computER),(smUle)(Gul),(smUle)(Gul)(allE),(smUle)(Gul)(computER),(smUle)藧(Gul)(allE),(smUle)藧(Gul)(computER),(smUle)藧藔(Gul)(allE),(smUle)藧藔(Gul)(computER),(smUle)(Fugl),(smUle)(Fugl)(allE),(smUle)(Fugl)(computER),(smUle)藧(Fugl)(allE),(smUle)藧(Fugl)(computER),(smUle)藧藔(Fugl)(allE),(smUle)藧藔(Fugl)(computER),(smUle)(Suppe),(smUle)(Suppe)(allE),(smUle)(Suppe)(computER),(smUle)藧(Suppe)(allE),(smUle)藧(Suppe)(computER),(smUle)藧藔(Suppe)(allE),(smUle)藧藔(Suppe)(computER),(smUle)(Suppe)(Gul),(smUle)(Suppe)(Gul)(allE),(smUle)(Suppe)(Gul)(computER),(smUle)藧(Suppe)(Gul)(allE),(smUle)藧(Suppe)(Gul)(computER),(smUle)藧藔(Suppe)(Gul)(allE),(smUle)藧藔(Suppe)(Gul)(computER),(smUle)(Fugl)(Dansk),(smUle)(Fugl)(Dansk)(allE),(smUle)(Fugl)(Dansk)(computER),(smUle)(Suppe)(Dansk),(smUle)(Suppe)(Dansk)(allE),(smUle)(Suppe)(Dansk)(computER),(smUle)藧(Suppe)(Dansk)(allE),(smUle)藧(Suppe)(Dansk)(computER),(smUle)藧藔(Suppe)(Dansk)(allE),(smUle)藧藔(Suppe)(Dansk)(computER),(smUle)藧藔,(smUle)(maD)藔,(smUle)(maD)藔,(smUle)(maD)藔(allE),(smUle)藧(allE),(smUle)藧藔(allE),(bOlig),(bOlig)藧,(bOlig)藧(Bold)(allE),(bOlig)藧(Bold)(computER),(bOlig)藧藔(Bold)(allE),(bOlig)藧藔(Bold)(computER),(bOlig)藧(Dansk)(allE),(bOlig)藧(Dansk)(computER),(bOlig)藧藔(Dansk)(allE),(bOlig)藧藔(Dansk)(computER),(bOlig)藧(Gul)(allE),(bOlig)藧(Gul)(computER),(bOlig)藧藔(Gul)(allE),(bOlig)藧藔(Gul)(computER),(bOlig)藧(Fugl)(allE),(bOlig)藧(Fugl)(computER),(bOlig)藧藔(Fugl)(allE),(bOlig)藧藔(Fugl)(computER),(bOlig)藧(Suppe)(allE),(bOlig)藧(Suppe)(computER),(bOlig)藧藔(Suppe)(allE),(bOlig)藧藔(Suppe)(computER),(bOlig)藧(Suppe)(Gul)(allE),(bOlig)藧(Suppe)(Gul)(computER),(bOlig)藧藔(Suppe)(Gul)(allE),(bOlig)藧藔(Suppe)(Gul)(computER),(bOlig)藧(Suppe)(Dansk)(allE),(bOlig)藧(Suppe)(Dansk)(computER),(bOlig)藧藔(Suppe)(Dansk)(allE),(bOlig)藧藔(Suppe)(Dansk)(computER),(bOlig)藧藔,(bOlig)(maD)藔,(bOlig)(maD)藔,(bOlig)(maD)藔(allE),(bOlig)藧(allE),(bOlig)藧藔(allE),(l脜ne),(l脜ne)藧,(l脜ne)(Bold),(l脜ne)(Bold)(allE),(l脜ne)(Bold)(computER),(l脜ne)藧(Bold)(allE),(l脜ne)藧(Bold)(computER),(l脜ne)藧藔(Bold)(allE),(l脜ne)藧藔(Bold)(computER),(l脜ne)(Dansk),(l脜ne)(Dansk)(allE),(l脜ne)(Dansk)(computER),(l脜ne)藧(Dansk)(allE),(l脜ne)藧(Dansk)(computER),(l脜ne)藧藔(Dansk)(allE),(l脜ne)藧藔(Dansk)(computER),(l脜ne)(Gul),(l脜ne)(Gul)(allE),(l脜ne)(Gul)(computER),(l脜ne)藧(Gul)(allE),(l脜ne)藧(Gul)(computER),(l脜ne)藧藔(Gul)(allE),(l脜ne)藧藔(Gul)(computER),(l脜ne)(Fugl),(l脜ne)(Fugl)(allE),(l脜ne)(Fugl)(computER),(l脜ne)藧(Fugl)(allE),(l脜ne)藧(Fugl)(computER),(l脜ne)藧藔(Fugl)(allE),(l脜ne)藧藔(Fugl)(computER),(l脜ne)(Suppe),(l脜ne)(Suppe)(allE),(l脜ne)(Suppe)(computER),(l脜ne)藧(Suppe)(allE),(l脜ne)藧(Suppe)(computER),(l脜ne)藧藔(Suppe)(allE),(l脜ne)藧藔(Suppe)(computER),(l脜ne)(Suppe)(Gul),(l脜ne)(Suppe)(Gul)(allE),(l脜ne)(Suppe)(Gul)(computER),(l脜ne)藧(Suppe)(Gul)(allE),(l脜ne)藧(Suppe)(Gul)(computER),(l脜ne)藧藔(Suppe)(Gul)(allE),(l脜ne)藧藔(Suppe)(Gul)(computER),(l脜ne)(Fugl)(Dansk),(l脜ne)(Fugl)(Dansk)(allE),(l脜ne)(Fugl)(Dansk)(computER),(l脜ne)(Suppe)(Dansk),(l脜ne)(Suppe)(Dansk)(allE),(l脜ne)(Suppe)(Dansk)(computER),(l脜ne)藧(Suppe)(Dansk)(allE),(l脜ne)藧(Suppe)(Dansk)(computER),(l脜ne)藧藔(Suppe)(Dansk)(allE),(l脜ne)藧藔(Suppe)(Dansk)(computER),(l脜ne)藧藔,(l脜ne)(maD)藔,(l脜ne)(maD)藔,(l脜ne)(maD)藔(allE),(kORt),(kORt)藧,(kORt)藧(Bold)(allE),(kORt)藧(Bold)(computER),(kORt)藧藔(Bold)(allE),(kORt)藧藔(Bold)(computER),(kORt)藧(Dansk)(allE),(kORt)藧(Dansk)(computER),(kORt)藧藔(Dansk)(allE),(kORt)藧藔(Dansk)(computER),(kORt)藧(Gul)(allE),(kORt)藧(Gul)(computER),(kORt)藧藔(Gul)(allE),(kORt)藧藔(Gul)(computER),(kORt)藧(Fugl)(allE),(kORt)藧(Fugl)(computER),(kORt)藧藔(Fugl)(allE),(kORt)藧藔(Fugl)(computER),(kORt)藧(Suppe)(allE),(kORt)藧(Suppe)(computER),(kORt)藧藔(Suppe)(allE),(kORt)藧藔(Suppe)(computER),(kORt)藧(Suppe)(Gul)(allE),(kORt)藧(Suppe)(Gul)(computER),(kORt)藧藔(Suppe)(Gul)(allE),(kORt)藧藔(Suppe)(Gul)(computER),(kORt)藧(Suppe)(Dansk)(allE),(kORt)藧(Suppe)(Dansk)(computER),(kORt)藧藔(Suppe)(Dansk)(allE),(kORt)藧藔(Suppe)(Dansk)(computER),(kORt)藧藔,(kORt)藧藧,(kORt)藧藧藔,(IVrig),(IVrig)藔,(IVrig),(IVrig),(IVrig)藔,(IVrig)藔,(IVrig)(allE),(IVrig)(computER),(bIRk),(bIRk)藔,(vIse)藧(computER),(vIse)藧藔(computER),(vIse)藧(computER),(vIse)藧藔(computER),(hvIRVle),(hvIRVle),(hvIRVle)藔,(hvIRVle)藔,(pEBer),(pEBer)藔,(pEBer)藔,(pEBer)藔,(pEBer),(pEBer),(pEBer)(allE),(pEBer)(computER),(pER),(pER)藔,(dEle)藧(computER),(dEle)藧(computER),(EVne),(EVne)藔,(EVne)藔,(EVne)藔,(EVne),(EVne),(EVne)(allE),(EVne)(computER),(v脝Rd),(v脝Rd)藔,(v脝Rd)藔,(l脝ser)藧(computER),(l脝ser)藧藔(computER),(lAdy),(lAVer)藔,(lAVer)藔,(lAVer),(lAVer),(lAVer)(allE),(lAVer)(computER),(gERne),(gERne)藔,(nAbo)藧(computER),(nAbo)藧藔(computER),(f脝RGe),(f脝RGe),(f脝RGe)藔,(f脝RGe)藔,(f脝RGe)(allE),(f脝RGe)(computER),(f脝RGe)(allE),(f脝RGe)(computER),(tYV),(tYV)藔,(tYV),(tYV),(tYV)藔,(tYV)藔,(tYV)(allE),(tYV)(computER),(stYRke),(stYRke)藔,(nYlig)藧(computER),(nYlig)藧藔(computER),(nYlig)藧(computER),(nYlig)藧藔(computER),(脴Vrig),(脴Vrig)藔,(脴Vrig)藔,(脴Vrig)藔,(脴Vrig),(脴Vrig)(allE),(脴Vrig)(computER),(fris脴R)藔,(st脴Vle),(st脴Vle)藔,(sk脴Rt),(sk脴Rt)藔,(r脴be)藧(computER),(r脴be)藧(computER),(r脴be)藧藔(computER),(b脴RGe),(b脴RGe),(b脴RGe)藔,(b脴RGe)藔,(b脴RGe)(allE),(b脴RGe)(computER),(b脴RGe)(allE),(b脴RGe)(computER),(Rulle)(r脴Ver),(Rulle)(r脴Ver),(Rulle)(r脴Ver)(allE),(Rulle)(r脴Ver)(computER),(Rulle)(r脴Ver)(allE),(Rulle)(r脴Ver)(computER),(Rulle)(r脴V),(Rulle)(r脴V),(Rulle)(r脴V)藔,(Rulle)(r脴V)藔,(Rulle)(r脴V)藔,(hEJ),(hEJ)藔,(hEJ)(allE),(hEJ)(computER),(sAVne),(sAVne)藔,(sAVne)(allE),(sAVne)(computER),(sAVne)(allE),(sAVne)(computER),(fARVe),(fARVe),(fARVe)藔,(fARVe)藔,(fARVe)(allE),(fARVe)(computER),(fARVe)(allE),(fARVe)(computER),(hUJ),(hUJ)藔,(hUJ)(allE),(hUJ)(computER),(agURk),(agURk)藔,(smUle)藧(computER),(smUle)藧藔(computER),(smUle)藧(computER),(smUle)藧藔(computER),(spURV),(spURV),(spURV)藔,(spURV)藔,(spURV)(allE),(spURV)(computER),(fjORten),(fjORten)藔,(fjORten)藔,(bOlig)藧(computER),(sprOG),(sprOG)藔,(sprOG)藔,(sprOG)藔,(sprOG),(sprOG),(sprOG)(allE),(sprOG)(computER),(sprOG)(allE),(sprOG)(computER),(l脴G),(l脴G)藔,(l脴G)(allE),(l脴G)(computER),(lOV),(lOV)藔,(lOV),(lOV)(allE),(lOV)(computER),(lOV)(allE),(lOV)(computER),(bORGer),(bORGer),(bORGer)藔,(bORGer)藔,(bORGer)(allE),(bORGer)(computER),(bORGer)(allE),(bORGer)(computER)